qid,sub,answerable,adequacy,gen
79884426,1,0,2.0,0
79835808,1,1,5.0,0
79755665,1,0,2.0,0
79783199,1,1,4.0,0
79782279,1,0,3.0,0
79752359,1,0,2.0,0
79686564,1,1,4.0,0
79687815,1,0,3.0,0
79602424,1,0,2.0,0
77742640,1,0,3.0,0
79478307,1,1,4.0,0
79919189,1,0,3.0,0
79899066,1,1,5.0,0
79838136,1,1,5.0,0
79836409,1,1,4.0,0
79809768,1,0,3.0,0
79806408,1,0,2.0,0
79807775,1,1,4.0,0
77741417,1,0,3.0,0
79722748,1,0,2.0,0
79723058,1,0,2.0,0
79688966,1,1,4.0,0
79898663,2,0,2.0,0
79880560,2,0,1.0,0
79883776,2,1,3.0,0
79881256,2,1,4.0,0
79862248,2,1,4.0,0
79859306,2,0,2.0,0
79725066,2,1,4.0,0
79722528,2,1,4.0,0
79686185,2,1,4.0,0
79548517,2,0,3.0,0
79547567,2,0,2.0,0
79407233,2,0,2.0,0
79937273,2,0,3.0,0
79884564,2,0,2.0,0
79918389,2,0,1.0,0
79918326,2,1,4.0,0
79901475,2,1,4.0,0
79883915,2,0,2.0,0
79753253,2,0,3.0,0
79858891,2,1,4.0,0
79837960,2,0,2.0,0
79808393,2,0,2.0,0
79601812,3,0,2.0,1
79147028,3,1,5.0,1
79548581,3,0,2.0,1
79938654,3,0,2.0,1
79901198,3,1,4.0,1
79861270,3,0,3.0,1
79881832,3,1,4.0,1
79882151,3,0,2.0,1
79880338,3,1,3.0,1
79860242,3,1,4.0,1
79835431,3,1,4.0,1
76145761,3,1,4.0,1
77741639,3,1,4.0,1
79752526,3,0,2.0,1
79724253,3,1,3.0,1
79724535,3,0,1.0,1
79688939,3,1,5.0,1
79685952,3,0,2.0,1
79647894,3,1,3.0,1
79601755,3,1,5.0,1
79601835,3,0,3.0,1
79550403,3,0,2.0,1
79920702,4,1,5.0,1
79922356,4,1,5.0,1
79900876,4,1,4.0,1
79900921,4,0,2.0,1
79901558,4,1,4.0,1
79686433,4,0,1.0,1
79725843,4,1,4.0,1
77209520,4,0,3.0,1
79477454,4,1,5.0,1
79405304,4,0,1.0,1
79324668,4,0,2.0,1
77584118,4,1,4.0,1
79147443,4,0,2.0,1
79044503,4,0,2.0,1
76593906,4,1,3.0,1
78937724,4,0,2.0,1
78691919,4,1,4.0,1
79902845,4,1,4.0,1
79902571,4,1,3.0,1
79898950,4,1,4.0,1
79836112,4,0,2.0,1
79687721,4,1,5.0,1
