k,gamma_k
-18,-0.40013649674140706
-17,-0.4233722054418605
-16,0.02285112526042118
-15,-0.3867358271377451
-14,-0.2297357283606316
-13,-0.5953578486123073
-12,0.03677739196237591
-11,-0.6794828419225378
-10,-0.38329443559190896
-9,-0.36774184836986273
-8,-0.47068654914267055
-7,-0.19366678345320487
-6,-0.32161690547445715
-5,-0.31166611540991446
-4,-0.5326295764511385
-3,-0.18690562220553916
-2,-0.4788173402493986
0,-0.7088957219155451
1,-0.6732818348155574
2,-0.20964261133863113
3,-0.3485507493842185
4,-1.1218641405438472
5,-0.5340846187197666
6,-0.5909771418569021
7,-0.41395904123688815
8,-0.966961053717835
9,-0.8494161261518729
10,-0.6576740030377504
11,-0.6096066190769651
12,-0.5943651505398941
13,-0.8659229606537799
14,-0.5841946850371923
15,-0.8797099052878566
16,-0.7299716263419581
17,-0.7015380946222223
18,-0.8440957288362207
19,-0.8368780621236667
20,-1.3399728565697793
21,-0.7954180962167031
22,-0.7368652240758055
23,-1.0151878307490423
24,-0.8987126216317776
25,-0.9139784687268377
26,-0.7980436553908614
27,-0.6054845758138616
28,-0.7255916240248287
29,-0.6214730031106077
30,-0.6077303794220019
31,-0.8327300026783926
32,-0.9115567045019689
33,-0.6526673001950107
34,-0.7647880982141645
35,-0.9691458922269662
36,-1.0116331457043517
37,-1.0357885902632058
38,-0.7052448819125416
39,-0.5657720965985984
40,-0.5066349879881666
41,-0.4907300133306843
