ym,total,Nhat_s1,Nhat_s2,Nhat_s3,Nhat_s4
2021-06,20707,3934.33,2484.8399999999997,8075.7300000000005,4555.54
2021-07,20408,3265.28,4285.68,8775.44,4081.6000000000004
2021-08,19649,1178.94,4519.27,6680.660000000001,7270.13
2021-09,18851,3958.71,2639.1400000000003,7163.38,5089.77
2021-10,19638,2945.7,3731.2200000000003,4713.12,8247.96
2021-11,19864,4370.08,5164.64,6753.76,3575.52
2021-12,18861,943.0500000000001,4715.25,7167.18,6035.52
2022-01,19511,3707.09,6048.41,7414.18,2341.3199999999997
2022-02,19088,3054.08,4390.24,6871.679999999999,4772.0
2022-03,20536,2875.0400000000004,5339.360000000001,7392.96,4928.639999999999
2022-04,19625,3140.0,4710.0,8242.5,3532.5
2022-05,19202,1344.14,6336.66,7104.74,4416.46
2022-06,18553,2597.42,4081.66,7050.14,4823.78
2022-07,18837,2637.1800000000003,4520.88,6216.21,5462.73
2022-08,18481,4435.44,3881.0099999999998,5913.92,4250.63
2022-09,16913,2198.69,2029.56,7779.9800000000005,4904.7699999999995
2022-10,18314,4578.5,3113.38,5677.34,4944.780000000001
2022-11,18634,1118.04,3913.14,7826.28,5776.54
2022-12,15655,3287.5499999999997,4696.5,5792.35,1878.6
2023-01,14786,2365.76,3844.36,7097.28,1330.74
2023-02,12893,1676.0900000000001,2062.88,5157.200000000001,3996.83
2023-03,12661,1519.32,3291.86,5191.009999999999,2658.81
2023-04,9931,3078.61,3376.5400000000004,2979.2999999999997,496.55
2023-05,9428,1885.6000000000001,2262.72,3488.36,1791.32
2023-06,8969,1793.8000000000002,2331.94,3408.2200000000003,1435.04
2023-07,8925,1785.0,1606.5,3213.0,2320.5
2023-08,8155,2201.8500000000004,2691.15,2691.15,570.85
2023-09,6882,2133.42,1514.04,2546.34,688.2
2023-10,7017,1613.91,1824.42,2526.12,1052.55
2023-11,6652,1463.44,1729.52,2328.2,1130.8400000000001
2023-12,5516,1654.8,1103.2,1379.0,1379.0
2024-01,6129,1838.7,1348.38,2390.31,551.61
2024-02,6107,1771.03,1221.4,1526.75,1526.75
2024-03,5828,1806.68,1748.3999999999999,1631.8400000000001,641.08
2024-04,5720,1315.6000000000001,1773.2,1830.4,743.6
2024-05,5396,1780.68,1025.24,1564.84,971.28
2024-06,4158,997.92,1288.98,1455.3,374.21999999999997
2024-07,4074,1181.4599999999998,1262.94,1140.72,488.88
2024-08,3600,972.0000000000001,1260.0,1296.0,72.0
2024-09,2931,791.37,849.9899999999999,937.9200000000001,351.71999999999997
2024-10,2719,625.37,951.65,734.13,380.66
2024-11,2500,625.0,725.0,975.0,125.0
2024-12,2163,713.7900000000001,627.27,584.01,237.93
2025-01,2165,476.3,801.05,736.1,151.55
2025-02,1804,523.16,559.24,469.04,252.56000000000003
2025-03,1847,424.81,498.69000000000005,572.57,350.93
2025-04,1464,322.08,439.2,527.04,175.68
2025-05,1204,216.72,337.12,493.64,156.52
2025-06,931,139.65,335.15999999999997,325.84999999999997,121.03
2025-07,874,227.24,253.45999999999998,297.16,87.4
2025-08,654,163.5,261.6,170.04,58.86
2025-09,660,151.8,198.0,198.0,112.2
2025-10,640,204.8,134.4,211.20000000000002,89.60000000000001
2025-11,632,158.0,189.6,233.84,37.92
2025-12,492,152.52,182.04,118.08,39.36
2026-01,452,131.07999999999998,108.47999999999999,185.32,22.6
2026-02,354,74.34,127.44,102.66,49.56
2026-03,391,93.84,93.84,117.3,86.02
2026-04,287,40.18000000000001,100.44999999999999,97.58000000000001,48.790000000000006
2026-05,249,32.370000000000005,79.68,87.14999999999999,39.84
