t,gamma_k,ym,rel_month,lang
24257,-0.40013649674139967,2021-06,-18,python
24258,-0.4233722054418464,2021-07,-17,python
24259,0.022851125260436755,2021-08,-16,python
24260,-0.3867358271377381,2021-09,-15,python
24261,-0.229735728360628,2021-10,-14,python
24262,-0.5953578486122976,2021-11,-13,python
24263,0.03677739196238361,2021-12,-12,python
24264,-0.6794828419225302,2022-01,-11,python
24265,-0.3832944355919024,2022-02,-10,python
24266,-0.367741848369853,2022-03,-9,python
24267,-0.470686549142666,2022-04,-8,python
24268,-0.19366678345319815,2022-05,-7,python
24269,-0.32161690547444843,2022-06,-6,python
24270,-0.31166611540990213,2022-07,-5,python
24271,-0.5326295764511306,2022-08,-4,python
24272,-0.18690562220553142,2022-09,-3,python
24273,-0.47881734024938916,2022-10,-2,python
24275,-0.708895721915543,2022-12,0,python
24276,-0.673281834815551,2023-01,1,python
24277,-0.20964261133862444,2023-02,2,python
24278,-0.34855074938421254,2023-03,3,python
24279,-1.1218641405438339,2023-04,4,python
24280,-0.5340846187197594,2023-05,5,python
24281,-0.5909771418568942,2023-06,6,python
24282,-0.4139590412368822,2023-07,7,python
24283,-0.9669610537178237,2023-08,8,python
24284,-0.8494161261518638,2023-09,9,python
24285,-0.657674003037742,2023-10,10,python
24286,-0.6096066190769571,2023-11,11,python
24287,-0.5943651505398868,2023-12,12,python
24288,-0.8659229606537701,2024-01,13,python
24289,-0.5841946850371842,2024-02,14,python
24290,-0.8797099052878498,2024-03,15,python
24291,-0.7299716263419476,2024-04,16,python
24292,-0.7015380946222122,2024-05,17,python
24293,-0.8440957288362146,2024-06,18,python
24294,-0.83687806212366,2024-07,19,python
24295,-1.339972856569767,2024-08,20,python
24296,-0.7954180962166955,2024-09,21,python
24297,-0.7368652240757968,2024-10,22,python
24298,-1.0151878307490338,2024-11,23,python
24299,-0.8987126216317698,2024-12,24,python
24300,-0.9139784687268279,2025-01,25,python
24301,-0.798043655390854,2025-02,26,python
24302,-0.6054845758138541,2025-03,27,python
24303,-0.7255916240248211,2025-04,28,python
24304,-0.6214730031106002,2025-05,29,python
24305,-0.6077303794219917,2025-06,30,python
24306,-0.8327300026783865,2025-07,31,python
24307,-0.9115567045019632,2025-08,32,python
24308,-0.6526673001950034,2025-09,33,python
24309,-0.7647880982141579,2025-10,34,python
24310,-0.969145892226961,2025-11,35,python
24311,-1.011633145704345,2025-12,36,python
24312,-1.0357885902631991,2026-01,37,python
24313,-0.7052448819125346,2026-02,38,python
24314,-0.5657720965985914,2026-03,39,python
24315,-0.5066349879881614,2026-04,40,python
24316,-0.4907300133306791,2026-05,41,python
24257,0.09853251678394687,2021-06,-18,javascript
24258,0.3006620153306483,2021-07,-17,javascript
24259,0.20527005039152246,2021-08,-16,javascript
24260,-0.3347767470456467,2021-09,-15,javascript
24261,0.7303488979640052,2021-10,-14,javascript
24262,0.2688864988482573,2021-11,-13,javascript
24263,0.20604750491005638,2021-12,-12,javascript
24264,0.25599008979156757,2022-01,-11,javascript
24265,0.22557745742435642,2022-02,-10,javascript
24266,0.40986739807493094,2022-03,-9,javascript
24267,0.1207251979225814,2022-04,-8,javascript
24268,0.15660145344552062,2022-05,-7,javascript
24269,0.08000628393592835,2022-06,-6,javascript
24270,0.012444516261450322,2022-07,-5,javascript
24271,0.13058787200728025,2022-08,-4,javascript
24272,0.12103463644450861,2022-09,-3,javascript
24273,0.4079711113077832,2022-10,-2,javascript
24275,0.3364896378612185,2022-12,0,javascript
24276,0.15190030469929017,2023-01,1,javascript
24277,0.033255229045514784,2023-02,2,javascript
24278,0.20913776538403792,2023-03,3,javascript
24279,-0.0036908460241967603,2023-04,4,javascript
24280,-0.33344004406370115,2023-05,5,javascript
24281,0.07881821795710905,2023-06,6,javascript
24282,0.23113187729628057,2023-07,7,javascript
24283,0.21772504675737342,2023-08,8,javascript
24284,0.08679171475899075,2023-09,9,javascript
24285,0.12813258821545923,2023-10,10,javascript
24286,0.07518205822451285,2023-11,11,javascript
24287,-0.08139371247826416,2023-12,12,javascript
24288,-0.06987475501926596,2024-01,13,javascript
24289,0.19171451628921315,2024-02,14,javascript
24290,0.011023583002100787,2024-03,15,javascript
24291,-0.10793929525065812,2024-04,16,javascript
24292,0.006958724495430449,2024-05,17,javascript
24293,-0.21453689198428905,2024-06,18,javascript
24294,-0.2283655448968573,2024-07,19,javascript
24295,-0.15067536721770605,2024-08,20,javascript
24296,-0.20969531364490437,2024-09,21,javascript
24297,-0.17282151373083093,2024-10,22,javascript
24298,-0.49859944096428505,2024-11,23,javascript
24299,0.10035613118006467,2024-12,24,javascript
24300,-0.2101178889243391,2025-01,25,javascript
24301,-0.004759500966871749,2025-02,26,javascript
24302,-0.013744883020934897,2025-03,27,javascript
24303,-0.24929829667322884,2025-04,28,javascript
24304,-0.03513187447382356,2025-05,29,javascript
24305,-0.18357467408366065,2025-06,30,javascript
24306,-0.3407747502055053,2025-07,31,javascript
24307,-0.13573991646133043,2025-08,32,javascript
24308,-0.29858215162618035,2025-09,33,javascript
24309,0.18617711401983278,2025-10,34,javascript
24310,-0.102532715380802,2025-11,35,javascript
24311,-0.07278714389870822,2025-12,36,javascript
24312,-0.020981446609058582,2026-01,37,javascript
24313,-0.3907568655078757,2026-02,38,javascript
24314,0.10819520035285428,2026-03,39,javascript
24315,0.2187346752034164,2026-04,40,javascript
24316,0.06997797041200893,2026-05,41,javascript
24257,0.3833252390969236,2021-06,-18,java
24258,0.36976195265416467,2021-07,-17,java
24259,0.25005219887851265,2021-08,-16,java
24260,-0.21306857801646872,2021-09,-15,java
24261,0.14839218398718085,2021-10,-14,java
24262,0.10512628944447987,2021-11,-13,java
24263,0.15295578704782195,2021-12,-12,java
24264,0.3334558224230381,2022-01,-11,java
24265,0.37668831946931874,2022-02,-10,java
24266,0.04454577240400138,2022-03,-9,java
24267,0.17617035252378793,2022-04,-8,java
24268,0.021781873429243356,2022-05,-7,java
24269,0.14397773905267086,2022-06,-6,java
24270,0.2581657599538434,2022-07,-5,java
24271,0.1884850816458083,2022-08,-4,java
24272,0.04350279886511159,2022-09,-3,java
24273,0.18066729144472932,2022-10,-2,java
24275,-0.024710139416839916,2022-12,0,java
24276,0.24729465805485587,2023-01,1,java
24277,0.2590146745405479,2023-02,2,java
24278,0.055618450311154505,2023-03,3,java
24279,0.01679119341614252,2023-04,4,java
24280,0.03700417761688819,2023-05,5,java
24281,-0.24595338774445175,2023-06,6,java
24282,0.1868831662825337,2023-07,7,java
24283,-0.02882828534851606,2023-08,8,java
24284,-0.04276526221771912,2023-09,9,java
24285,0.14042900980641712,2023-10,10,java
24286,0.27413180478401117,2023-11,11,java
24287,-0.040153125782046106,2023-12,12,java
24288,-0.05024796705382214,2024-01,13,java
24289,0.1884772949569436,2024-02,14,java
24290,0.10350491912215688,2024-03,15,java
24291,-0.22013797928942258,2024-04,16,java
24292,-0.14976774539933563,2024-05,17,java
24293,0.018864934586546978,2024-06,18,java
24294,-0.08452225261945862,2024-07,19,java
24295,-0.020974560762462402,2024-08,20,java
24296,-0.0988333692362622,2024-09,21,java
24297,-0.1575420681541791,2024-10,22,java
24298,0.036517084593426966,2024-11,23,java
24299,0.010607623033442481,2024-12,24,java
24300,-0.010091888399030066,2025-01,25,java
24301,0.04342714187796862,2025-02,26,java
24302,-0.17388571490681826,2025-03,27,java
24303,0.16656907156668813,2025-04,28,java
24304,-0.24039287233681597,2025-05,29,java
24305,-0.02581342144774551,2025-06,30,java
24306,0.24538409297431418,2025-07,31,java
24307,-0.20865831340894564,2025-08,32,java
24308,-0.07273031863015447,2025-09,33,java
24309,-0.18186015766876995,2025-10,34,java
24310,0.13741709759126894,2025-11,35,java
24311,0.07988068310091559,2025-12,36,java
24312,0.16621238450290912,2026-01,37,java
24313,0.19499517007014927,2026-02,38,java
24314,0.46038748516402483,2026-03,39,java
24315,0.5181077636115198,2026-04,40,java
24316,0.22578364804707826,2026-05,41,java
