cutoff,window_lo,window_hi,is_pre_event,months_overlapping_treatment,clean_placebo,gamma,more_negative_than_true
2022-03,2021-06,2022-11,True,0,True,0.019417347314380225,False
2022-04,2021-07,2022-12,True,1,False,-0.022088044009756717,False
2022-05,2021-08,2023-01,True,2,False,-0.03934148200665319,False
2022-06,2021-09,2023-02,True,3,False,-0.017059028581297,False
2022-07,2021-10,2023-03,True,4,False,-0.027287113644970103,False
2022-08,2021-11,2023-04,True,5,False,-0.10820574009882036,False
2022-09,2021-12,2023-05,True,6,False,-0.11533721947990946,False
2022-10,2022-01,2023-06,True,7,False,-0.13538038675584785,False
2022-11,2022-02,2023-07,True,8,False,-0.15047007594036182,False
2022-12,2022-03,2023-08,False,9,False,-0.30049846364144317,False
2023-01,2022-04,2023-09,False,10,False,-0.2782058559404016,False
2023-02,2022-05,2023-10,False,11,False,-0.2539610651125473,False
2023-03,2022-06,2023-11,False,12,False,-0.29662641842953674,False
2023-04,2022-07,2023-12,False,13,False,-0.32094648034574924,True
2023-05,2022-08,2024-01,False,14,False,-0.20248656867641576,False
2023-06,2022-09,2024-02,False,15,False,-0.2078926824596154,False
2023-07,2022-10,2024-03,False,16,False,-0.19507726510179224,False
2023-08,2022-11,2024-04,False,17,False,-0.23739625222596772,False
2023-09,2022-12,2024-05,False,18,False,-0.10046469524669666,False
2023-10,2023-01,2024-06,False,18,False,-0.08426016174092262,False
2023-11,2023-02,2024-07,False,18,False,-0.1059059273924471,False
2023-12,2023-03,2024-08,False,18,False,-0.14261728625405581,False
2024-01,2023-04,2024-09,False,18,False,-0.13764379120084821,False
2024-02,2023-05,2024-10,False,18,False,-0.15174195156885825,False
2024-03,2023-06,2024-11,False,18,False,-0.19406229372379502,False
2024-04,2023-07,2024-12,False,18,False,-0.164092288491902,False
2024-05,2023-08,2025-01,False,18,False,-0.14942498374521498,False
2024-06,2023-09,2025-02,False,18,False,-0.18963926373013154,False
2024-07,2023-10,2025-03,False,18,False,-0.163718068651608,False
2024-08,2023-11,2025-04,False,18,False,-0.13144134674219074,False
2024-09,2023-12,2025-05,False,18,False,0.029543774474695535,False
2024-10,2024-01,2025-06,False,18,False,0.07273718141597418,False
2024-11,2024-02,2025-07,False,18,False,0.04774579084035663,False
2024-12,2024-03,2025-08,False,18,False,0.10714848772468169,False
2025-01,2024-04,2025-09,False,18,False,0.13659826970031347,False
2025-02,2024-05,2025-10,False,18,False,0.17362018224448622,False
2025-03,2024-06,2025-11,False,18,False,0.16533166268143432,False
2025-04,2024-07,2025-12,False,18,False,0.09369169346889553,False
2025-05,2024-08,2026-01,False,18,False,0.046860204098093314,False
2025-06,2024-09,2026-02,False,18,False,-0.04228109948647305,False
2025-07,2024-10,2026-03,False,18,False,-0.05847325881661736,False
2025-08,2024-11,2026-04,False,18,False,-0.011588837339638397,False
2025-09,2024-12,2026-05,False,18,False,0.023655114318607284,False
