k,coef,se,ref
-6,0.024184765082737595,0.03884258032530307,False
-5,0.09814107430246032,0.13384086789092464,False
-4,0.13139435299062724,0.05792918506089012,False
-3,0.019842831250809562,8.631561453302783e-05,False
-2,-0.07215747498447189,0.07811704780117872,False
-1,0.0,0.0,True
0,-0.11155515163925057,0.09134643745915767,False
1,-0.20256812438648505,0.11658730062647804,False
2,-0.1942032704668173,0.10311751204679029,False
3,-0.22183911428683198,0.025857703411805516,False
4,-0.3934343005381619,0.025692084430187546,False
5,-0.5052068665127771,0.018052463032104414,False
6,-0.47750601466257575,0.030604495740865493,False
7,-0.4325495154264671,0.06806566331976145,False
8,-0.436039377484883,0.133596607610478,False
9,-0.49509026998143346,0.07297973234174304,False
10,-0.618410232574053,0.055856182787723634,False
11,-0.7300173022987588,0.1159253521424539,False
12,-0.8042662761790116,0.06674780804868462,False
