k,beta,pct,wcr_p,ri_p,ref
-18,0.004387023232968801,0.4396660306927637,0.9354,1.0,False
-17,0.04696969706056464,4.809024838311729,0.4103,0.6666666666666666,False
-16,0.051215954824129994,5.255017202863831,0.3617,0.6666666666666666,False
-15,-0.0012759636468118174,-0.1275149951316578,0.9708,1.0,False
-14,-0.01134026574287006,-1.1276207304542545,0.7822,1.0,False
-13,-0.03976434682072494,-3.8984121082149206,0.4349,0.6666666666666666,False
-12,-0.009743079609258132,-0.9695769582244792,0.8286,1.0,False
-11,0.05931994867902546,6.111468867724058,0.4727,1.0,False
-10,0.0894882584642751,9.361449252333239,0.3834,0.6666666666666666,False
-9,0.06869640336616456,7.111097409451124,0.4892,0.6666666666666666,False
-8,0.030476567013590028,3.0945731628411317,0.5076,0.5,False
-7,-0.025026409635611202,-2.4715845210930842,0.4927,0.5,False
-6,0.0018991233896841209,0.19009278666360674,0.9223,1.0,False
-5,0.08334237594175065,8.691387801337344,0.3937,0.5,False
-4,0.08485881860299926,8.85633709517291,0.407,0.8333333333333334,False
-3,0.0048052507772311515,0.48168145095390474,0.9407,1.0,False
-2,-0.049390377368759175,-4.819050772135031,0.4243,0.8333333333333334,False
-1,0.0,0.0,,,True
0,-0.024667114855677852,-2.436536774657205,0.6582,0.8333333333333334,False
1,-0.04837141133904055,-4.722015188609757,0.6228,0.8333333333333334,False
2,-0.1131822673696945,-10.701211727059103,0.4239,0.6666666666666666,False
3,-0.10553420151513038,-10.015630369730989,0.4951,1.0,False
4,-0.21244398207498705,-19.139438853872136,0.4258,0.8333333333333334,False
5,-0.2558172891120698,-22.57165741187679,0.4277,1.0,False
6,-0.15472701034677883,-14.33509981197035,0.5271,1.0,False
7,-0.159522005870798,-14.744879394169496,0.5151,1.0,False
8,-0.1433345805709294,-13.353588166712024,0.5559,1.0,False
9,-0.23609442247511936,-21.029389559265645,0.4433,1.0,False
10,-0.29493093308888874,-25.541698826128222,0.4441,0.8333333333333334,False
11,-0.31079605539466826,-26.71366758493649,0.4347,1.0,False
12,-0.3807237323979322,-31.663334438898598,0.4284,0.8333333333333334,False
