k,beta,se
-18,0.0488498449006584,0.1362518068457271
-17,0.11588182968073737,0.0988492043613023
-16,-0.06507299680072058,0.12254488072752406
-15,0.06175023426201508,0.1174754939123907
-14,0.29209522520245484,0.12461190818054224
-13,0.11834414435307115,0.09572973493139743
-12,-0.08406137147249908,0.0678117412463537
-11,-0.012827414257346736,0.09605660002689137
-10,-0.05151866697730446,0.09880072040778369
-9,0.11476234385174436,0.08906508936022668
-8,0.021971237786411454,0.11417797132015144
-7,-0.0958733199900051,0.08687810270049584
-6,-0.044803773534191384,0.06442914527024995
-5,-0.05464476092184378,0.0743266789070584
-4,-0.10476138620649891,0.08756615417110099
-3,0.014869466823963435,0.10235072446330622
-2,0.17626136867053346,0.08514784042349653
0,-0.1000119780910886,0.06768794697586589
1,-0.1338436142201594,0.07367604534583524
2,-0.43044934141840374,0.11009185349513123
3,-0.413880762987687,0.11976369512728947
4,-0.41107552908349837,0.07713101902646514
5,-0.47388392084540937,0.1712736488619579
6,-0.43766526029983843,0.1560915730837972
7,-0.6777447141106925,0.14294249703234604
8,-0.7568093499151847,0.12411590167852184
9,-0.9718450302231096,0.156536618374824
10,-0.8883001769254683,0.09975685848180588
11,-0.7939468893122151,0.14959543199684952
12,-0.8210256995194116,0.177728141941637
13,-0.9188818104205788,0.13768953203133222
14,-1.1636759080996484,0.15930733236309072
15,-1.0409104198059476,0.16122332603344708
16,-1.175577373025756,0.12575214512251098
17,-1.303094599185063,0.2314880937492635
18,-1.1140433942960613,0.1705186387591037
