ym,k,treated,synth,gap
2021-01,-23,11.848368600820269,9.486228164545132,2.362140436275137
2021-02,-22,11.787985716314305,9.39199503978231,2.3959906765319943
2021-03,-21,11.909981986459899,9.499496357683844,2.4104856287760548
2021-04,-20,11.8193949436733,9.431962766918332,2.3874321767549684
2021-05,-19,11.803996787420004,9.34320904505049,2.460787742369515
2021-06,-18,11.767435891713937,9.144521030938778,2.6229148607751593
2021-07,-17,11.727811012637446,8.988321188323582,2.739489824313864
2021-08,-16,11.71239088892986,8.994668835500566,2.717722053429295
2021-09,-15,11.693270068879961,9.057771773331464,2.635498295548498
2021-10,-14,11.685625886720128,9.173468897200156,2.5121569895199727
2021-11,-13,11.687576007959835,9.159047077588514,2.528528930371321
2021-12,-12,11.627262570222312,9.03097444300775,2.596288127214562
2022-01,-11,11.689237333038621,9.079548081726042,2.609689251312579
2022-02,-10,11.64204840462957,8.951051374025505,2.6909970306040645
2022-03,-9,11.72310534989258,9.01213330595189,2.7109720439406892
2022-04,-8,11.645032093099681,8.97626225560908,2.6687698374906006
2022-05,-7,11.662198554384462,8.999495876248883,2.662702678135579
2022-06,-6,11.620694078830775,8.908288885556999,2.712405193273776
2022-07,-5,11.615725705920077,8.841881989497013,2.7738437164230643
2022-08,-4,11.634178030396889,8.790116892892378,2.844061137504511
2022-09,-3,11.549508086031915,8.828640617418179,2.7208674686137364
2022-10,-2,11.57176025069112,9.012011377036298,2.559748873654822
2022-11,-1,11.603478894810914,8.939187601475506,2.664291293335408
2022-12,0,11.47671780800072,8.818630229100252,2.658087578900467
2023-01,1,11.48119741160383,8.875007486048297,2.606189925555533
2023-02,2,11.358409718514256,8.759197750371273,2.599211968142983
2023-03,3,11.376807873872647,8.895903562215475,2.480904311657172
2023-04,4,11.135391621790756,8.811205187562775,2.3241864342279808
2023-05,5,11.105723850006383,8.872206756028186,2.2335170939781968
2023-06,6,11.061563004475026,8.732627099660276,2.3289359048147507
2023-07,7,11.047821811212685,8.701679071039456,2.3461427401732298
2023-08,8,11.003016087988591,8.620651899784358,2.3823641882042335
2023-09,9,10.874171768240615,8.662677858158098,2.211493910082517
2023-10,10,10.866089187273534,8.821289805135986,2.0447993821375476
2023-11,11,10.826356599770406,8.830543010616463,1.9958135891539435
2023-12,12,10.654714944172598,8.684739462627913,1.9699754815446848
2024-01,13,10.771931674953063,8.693831965074573,2.07809970987849
2024-02,14,10.737070361537285,8.667335849845832,2.0697345116914523
2024-03,15,10.70886906982204,8.661466680572541,2.0474023892494984
2024-04,16,10.655705206673062,8.643473357326439,2.012231849346623
2024-05,17,10.597858983395765,8.643120748013892,1.954738235381873
2024-06,18,10.373053586050816,8.472614148018138,1.9004394380326772
2024-07,19,10.35666287680037,8.353025845202204,2.0036370315981653
2024-08,20,10.234121350021288,8.312871394342496,1.9212499556787925
2024-09,21,10.117549995114146,8.316544717929268,1.8010052771848777
2024-10,22,10.051692017185845,8.413830678420952,1.6378613387648926
2024-11,23,9.944005500839015,8.303504798872657,1.6405007019663582
2024-12,24,9.795568210316635,8.227375506833905,1.5681927034827297
2025-01,25,9.809671256331843,8.224431573221025,1.5852396831108173
2025-02,26,9.65162297294974,8.01334318138654,1.6382797915631997
2025-03,27,9.622714888385282,8.082402253926105,1.5403126344591769
2025-04,28,9.342858751676328,7.877397186353154,1.4654615653231744
2025-05,29,9.176576741823373,7.840312983320034,1.336263758503339
2025-06,30,9.019785010255125,7.763021309018375,1.2567637012367507
2025-07,31,8.953252164609035,7.7235624722778375,1.2296896923311973
2025-08,32,8.669399124305569,7.621684998724482,1.047714125581087
2025-09,33,8.706655856361559,7.522940918072239,1.1837149382893202
2025-10,34,8.584103896698863,7.579678823090318,1.0044250736085454
2025-11,35,8.597666575566114,7.4650827363994114,1.1325838391667027
2025-12,36,8.34924780056679,7.311218384419496,1.0380294161472943
2026-01,37,8.226573474977114,7.29844510150801,0.9281283734691037
2026-02,38,8.066207568006265,7.185387015580268,0.8808205524259964
2026-03,39,8.085794701281568,7.156176637480474,0.9296180638010938
2026-04,40,7.882314918980268,7.121252453244384,0.7610624657358835
2026-05,41,7.757478766584179,7.035268599280935,0.7222101673032437
