site,endpoint,ym,date,year,month,count,treated
es.stackoverflow,answers,2021-01,2021-01-01,2021,1,2217,0
es.stackoverflow,answers,2021-02,2021-02-01,2021,2,2207,0
es.stackoverflow,answers,2021-03,2021-03-01,2021,3,2649,0
es.stackoverflow,answers,2021-04,2021-04-01,2021,4,2556,0
es.stackoverflow,answers,2021-05,2021-05-01,2021,5,2464,0
es.stackoverflow,answers,2021-06,2021-06-01,2021,6,2504,0
es.stackoverflow,answers,2021-07,2021-07-01,2021,7,2057,0
es.stackoverflow,answers,2021-08,2021-08-01,2021,8,1967,0
es.stackoverflow,answers,2021-09,2021-09-01,2021,9,1968,0
es.stackoverflow,answers,2021-10,2021-10-01,2021,10,2002,0
es.stackoverflow,answers,2021-11,2021-11-01,2021,11,1959,0
es.stackoverflow,answers,2021-12,2021-12-01,2021,12,1797,0
es.stackoverflow,answers,2022-01,2022-01-01,2022,1,1736,0
es.stackoverflow,answers,2022-02,2022-02-01,2022,2,1707,0
es.stackoverflow,answers,2022-03,2022-03-01,2022,3,2106,0
es.stackoverflow,answers,2022-04,2022-04-01,2022,4,1770,0
es.stackoverflow,answers,2022-05,2022-05-01,2022,5,1869,0
es.stackoverflow,answers,2022-06,2022-06-01,2022,6,1851,0
es.stackoverflow,answers,2022-07,2022-07-01,2022,7,1711,0
es.stackoverflow,answers,2022-08,2022-08-01,2022,8,1692,0
es.stackoverflow,answers,2022-09,2022-09-01,2022,9,1608,0
es.stackoverflow,answers,2022-10,2022-10-01,2022,10,1755,0
es.stackoverflow,answers,2022-11,2022-11-01,2022,11,1769,0
es.stackoverflow,answers,2022-12,2022-12-01,2022,12,1419,0
es.stackoverflow,answers,2023-01,2023-01-01,2023,1,1425,0
es.stackoverflow,answers,2023-02,2023-02-01,2023,2,1324,0
es.stackoverflow,answers,2023-03,2023-03-01,2023,3,1219,0
es.stackoverflow,answers,2023-04,2023-04-01,2023,4,995,0
es.stackoverflow,answers,2023-05,2023-05-01,2023,5,982,0
es.stackoverflow,answers,2023-06,2023-06-01,2023,6,788,0
es.stackoverflow,answers,2023-07,2023-07-01,2023,7,757,0
es.stackoverflow,answers,2023-08,2023-08-01,2023,8,664,0
es.stackoverflow,answers,2023-09,2023-09-01,2023,9,552,0
es.stackoverflow,answers,2023-10,2023-10-01,2023,10,526,0
es.stackoverflow,answers,2023-11,2023-11-01,2023,11,567,0
es.stackoverflow,answers,2023-12,2023-12-01,2023,12,446,0
es.stackoverflow,answers,2024-01,2024-01-01,2024,1,588,0
es.stackoverflow,answers,2024-02,2024-02-01,2024,2,539,0
es.stackoverflow,answers,2024-03,2024-03-01,2024,3,523,0
es.stackoverflow,answers,2024-04,2024-04-01,2024,4,555,0
es.stackoverflow,answers,2024-05,2024-05-01,2024,5,548,0
es.stackoverflow,answers,2024-06,2024-06-01,2024,6,485,0
es.stackoverflow,answers,2024-07,2024-07-01,2024,7,382,0
es.stackoverflow,answers,2024-08,2024-08-01,2024,8,342,0
es.stackoverflow,answers,2024-09,2024-09-01,2024,9,327,0
es.stackoverflow,answers,2024-10,2024-10-01,2024,10,308,0
es.stackoverflow,answers,2024-11,2024-11-01,2024,11,299,0
es.stackoverflow,answers,2024-12,2024-12-01,2024,12,225,0
es.stackoverflow,answers,2025-01,2025-01-01,2025,1,285,0
es.stackoverflow,answers,2025-02,2025-02-01,2025,2,210,0
es.stackoverflow,answers,2025-03,2025-03-01,2025,3,156,0
es.stackoverflow,answers,2025-04,2025-04-01,2025,4,139,0
es.stackoverflow,answers,2025-05,2025-05-01,2025,5,142,0
es.stackoverflow,answers,2025-06,2025-06-01,2025,6,95,0
es.stackoverflow,answers,2025-07,2025-07-01,2025,7,112,0
es.stackoverflow,answers,2025-08,2025-08-01,2025,8,71,0
es.stackoverflow,answers,2025-09,2025-09-01,2025,9,49,0
es.stackoverflow,answers,2025-10,2025-10-01,2025,10,69,0
es.stackoverflow,answers,2025-11,2025-11-01,2025,11,103,0
es.stackoverflow,answers,2025-12,2025-12-01,2025,12,52,0
es.stackoverflow,answers,2026-01,2026-01-01,2026,1,41,0
es.stackoverflow,answers,2026-02,2026-02-01,2026,2,56,0
es.stackoverflow,answers,2026-03,2026-03-01,2026,3,40,0
es.stackoverflow,answers,2026-04,2026-04-01,2026,4,52,0
es.stackoverflow,answers,2026-05,2026-05-01,2026,5,76,0
es.stackoverflow,questions,2021-01,2021-01-01,2021,1,2256,0
es.stackoverflow,questions,2021-02,2021-02-01,2021,2,2230,0
es.stackoverflow,questions,2021-03,2021-03-01,2021,3,2653,0
es.stackoverflow,questions,2021-04,2021-04-01,2021,4,2502,0
es.stackoverflow,questions,2021-05,2021-05-01,2021,5,2561,0
es.stackoverflow,questions,2021-06,2021-06-01,2021,6,2371,0
es.stackoverflow,questions,2021-07,2021-07-01,2021,7,2096,0
es.stackoverflow,questions,2021-08,2021-08-01,2021,8,2044,0
es.stackoverflow,questions,2021-09,2021-09-01,2021,9,2221,0
es.stackoverflow,questions,2021-10,2021-10-01,2021,10,2077,0
es.stackoverflow,questions,2021-11,2021-11-01,2021,11,2101,0
es.stackoverflow,questions,2021-12,2021-12-01,2021,12,1786,0
es.stackoverflow,questions,2022-01,2022-01-01,2022,1,1743,0
es.stackoverflow,questions,2022-02,2022-02-01,2022,2,1763,0
es.stackoverflow,questions,2022-03,2022-03-01,2022,3,2269,0
es.stackoverflow,questions,2022-04,2022-04-01,2022,4,1998,0
es.stackoverflow,questions,2022-05,2022-05-01,2022,5,2185,0
es.stackoverflow,questions,2022-06,2022-06-01,2022,6,2024,0
es.stackoverflow,questions,2022-07,2022-07-01,2022,7,1766,0
es.stackoverflow,questions,2022-08,2022-08-01,2022,8,1724,0
es.stackoverflow,questions,2022-09,2022-09-01,2022,9,1803,0
es.stackoverflow,questions,2022-10,2022-10-01,2022,10,1899,0
es.stackoverflow,questions,2022-11,2022-11-01,2022,11,1997,0
es.stackoverflow,questions,2022-12,2022-12-01,2022,12,1522,0
es.stackoverflow,questions,2023-01,2023-01-01,2023,1,1420,0
es.stackoverflow,questions,2023-02,2023-02-01,2023,2,1325,0
es.stackoverflow,questions,2023-03,2023-03-01,2023,3,1253,0
es.stackoverflow,questions,2023-04,2023-04-01,2023,4,1018,0
es.stackoverflow,questions,2023-05,2023-05-01,2023,5,985,0
es.stackoverflow,questions,2023-06,2023-06-01,2023,6,805,0
es.stackoverflow,questions,2023-07,2023-07-01,2023,7,773,0
es.stackoverflow,questions,2023-08,2023-08-01,2023,8,706,0
es.stackoverflow,questions,2023-09,2023-09-01,2023,9,662,0
es.stackoverflow,questions,2023-10,2023-10-01,2023,10,620,0
es.stackoverflow,questions,2023-11,2023-11-01,2023,11,623,0
es.stackoverflow,questions,2023-12,2023-12-01,2023,12,480,0
es.stackoverflow,questions,2024-01,2024-01-01,2024,1,609,0
es.stackoverflow,questions,2024-02,2024-02-01,2024,2,553,0
es.stackoverflow,questions,2024-03,2024-03-01,2024,3,538,0
es.stackoverflow,questions,2024-04,2024-04-01,2024,4,600,0
es.stackoverflow,questions,2024-05,2024-05-01,2024,5,558,0
es.stackoverflow,questions,2024-06,2024-06-01,2024,6,423,0
es.stackoverflow,questions,2024-07,2024-07-01,2024,7,378,0
es.stackoverflow,questions,2024-08,2024-08-01,2024,8,332,0
es.stackoverflow,questions,2024-09,2024-09-01,2024,9,280,0
es.stackoverflow,questions,2024-10,2024-10-01,2024,10,272,0
es.stackoverflow,questions,2024-11,2024-11-01,2024,11,265,0
es.stackoverflow,questions,2024-12,2024-12-01,2024,12,195,0
es.stackoverflow,questions,2025-01,2025-01-01,2025,1,251,0
es.stackoverflow,questions,2025-02,2025-02-01,2025,2,181,0
es.stackoverflow,questions,2025-03,2025-03-01,2025,3,170,0
es.stackoverflow,questions,2025-04,2025-04-01,2025,4,135,0
es.stackoverflow,questions,2025-05,2025-05-01,2025,5,113,0
es.stackoverflow,questions,2025-06,2025-06-01,2025,6,80,0
es.stackoverflow,questions,2025-07,2025-07-01,2025,7,82,0
es.stackoverflow,questions,2025-08,2025-08-01,2025,8,70,0
es.stackoverflow,questions,2025-09,2025-09-01,2025,9,58,0
es.stackoverflow,questions,2025-10,2025-10-01,2025,10,72,0
es.stackoverflow,questions,2025-11,2025-11-01,2025,11,73,0
es.stackoverflow,questions,2025-12,2025-12-01,2025,12,48,0
es.stackoverflow,questions,2026-01,2026-01-01,2026,1,37,0
es.stackoverflow,questions,2026-02,2026-02-01,2026,2,45,0
es.stackoverflow,questions,2026-03,2026-03-01,2026,3,29,0
es.stackoverflow,questions,2026-04,2026-04-01,2026,4,50,0
es.stackoverflow,questions,2026-05,2026-05-01,2026,5,56,0
math.stackexchange,answers,2021-01,2021-01-01,2021,1,15806,0
math.stackexchange,answers,2021-02,2021-02-01,2021,2,14280,0
math.stackexchange,answers,2021-03,2021-03-01,2021,3,15466,0
math.stackexchange,answers,2021-04,2021-04-01,2021,4,14079,0
math.stackexchange,answers,2021-05,2021-05-01,2021,5,12038,0
math.stackexchange,answers,2021-06,2021-06-01,2021,6,9714,0
math.stackexchange,answers,2021-07,2021-07-01,2021,7,8788,0
math.stackexchange,answers,2021-08,2021-08-01,2021,8,9037,0
math.stackexchange,answers,2021-09,2021-09-01,2021,9,9574,0
math.stackexchange,answers,2021-10,2021-10-01,2021,10,9618,0
math.stackexchange,answers,2021-11,2021-11-01,2021,11,9339,0
math.stackexchange,answers,2021-12,2021-12-01,2021,12,8322,0
math.stackexchange,answers,2022-01,2022-01-01,2022,1,9054,0
math.stackexchange,answers,2022-02,2022-02-01,2022,2,7868,0
math.stackexchange,answers,2022-03,2022-03-01,2022,3,7862,0
math.stackexchange,answers,2022-04,2022-04-01,2022,4,7796,0
math.stackexchange,answers,2022-05,2022-05-01,2022,5,7764,0
math.stackexchange,answers,2022-06,2022-06-01,2022,6,7576,0
math.stackexchange,answers,2022-07,2022-07-01,2022,7,7507,0
math.stackexchange,answers,2022-08,2022-08-01,2022,8,7136,0
math.stackexchange,answers,2022-09,2022-09-01,2022,9,7167,0
math.stackexchange,answers,2022-10,2022-10-01,2022,10,8216,0
math.stackexchange,answers,2022-11,2022-11-01,2022,11,7363,0
math.stackexchange,answers,2022-12,2022-12-01,2022,12,6889,0
math.stackexchange,answers,2023-01,2023-01-01,2023,1,7568,0
math.stackexchange,answers,2023-02,2023-02-01,2023,2,6651,0
math.stackexchange,answers,2023-03,2023-03-01,2023,3,7359,0
math.stackexchange,answers,2023-04,2023-04-01,2023,4,6721,0
math.stackexchange,answers,2023-05,2023-05-01,2023,5,7424,0
math.stackexchange,answers,2023-06,2023-06-01,2023,6,6730,0
math.stackexchange,answers,2023-07,2023-07-01,2023,7,6269,0
math.stackexchange,answers,2023-08,2023-08-01,2023,8,5881,0
math.stackexchange,answers,2023-09,2023-09-01,2023,9,5805,0
math.stackexchange,answers,2023-10,2023-10-01,2023,10,6622,0
math.stackexchange,answers,2023-11,2023-11-01,2023,11,6764,0
math.stackexchange,answers,2023-12,2023-12-01,2023,12,6409,0
math.stackexchange,answers,2024-01,2024-01-01,2024,1,6528,0
math.stackexchange,answers,2024-02,2024-02-01,2024,2,6422,0
math.stackexchange,answers,2024-03,2024-03-01,2024,3,6069,0
math.stackexchange,answers,2024-04,2024-04-01,2024,4,6147,0
math.stackexchange,answers,2024-05,2024-05-01,2024,5,6091,0
math.stackexchange,answers,2024-06,2024-06-01,2024,6,5322,0
math.stackexchange,answers,2024-07,2024-07-01,2024,7,4761,0
math.stackexchange,answers,2024-08,2024-08-01,2024,8,4638,0
math.stackexchange,answers,2024-09,2024-09-01,2024,9,4748,0
math.stackexchange,answers,2024-10,2024-10-01,2024,10,5127,0
math.stackexchange,answers,2024-11,2024-11-01,2024,11,4772,0
math.stackexchange,answers,2024-12,2024-12-01,2024,12,4453,0
math.stackexchange,answers,2025-01,2025-01-01,2025,1,4338,0
math.stackexchange,answers,2025-02,2025-02-01,2025,2,3830,0
math.stackexchange,answers,2025-03,2025-03-01,2025,3,4065,0
math.stackexchange,answers,2025-04,2025-04-01,2025,4,3314,0
math.stackexchange,answers,2025-05,2025-05-01,2025,5,3180,0
math.stackexchange,answers,2025-06,2025-06-01,2025,6,3008,0
math.stackexchange,answers,2025-07,2025-07-01,2025,7,3029,0
math.stackexchange,answers,2025-08,2025-08-01,2025,8,2848,0
math.stackexchange,answers,2025-09,2025-09-01,2025,9,2515,0
math.stackexchange,answers,2025-10,2025-10-01,2025,10,2626,0
math.stackexchange,answers,2025-11,2025-11-01,2025,11,2393,0
math.stackexchange,answers,2025-12,2025-12-01,2025,12,2239,0
math.stackexchange,answers,2026-01,2026-01-01,2026,1,2228,0
math.stackexchange,answers,2026-02,2026-02-01,2026,2,2179,0
math.stackexchange,answers,2026-03,2026-03-01,2026,3,2079,0
math.stackexchange,answers,2026-04,2026-04-01,2026,4,2071,0
math.stackexchange,answers,2026-05,2026-05-01,2026,5,2017,0
math.stackexchange,questions,2021-01,2021-01-01,2021,1,13177,0
math.stackexchange,questions,2021-02,2021-02-01,2021,2,11992,0
math.stackexchange,questions,2021-03,2021-03-01,2021,3,13353,0
math.stackexchange,questions,2021-04,2021-04-01,2021,4,12481,0
math.stackexchange,questions,2021-05,2021-05-01,2021,5,11421,0
math.stackexchange,questions,2021-06,2021-06-01,2021,6,9363,0
math.stackexchange,questions,2021-07,2021-07-01,2021,7,8009,0
math.stackexchange,questions,2021-08,2021-08-01,2021,8,8060,0
math.stackexchange,questions,2021-09,2021-09-01,2021,9,8585,0
math.stackexchange,questions,2021-10,2021-10-01,2021,10,9638,0
math.stackexchange,questions,2021-11,2021-11-01,2021,11,9500,0
math.stackexchange,questions,2021-12,2021-12-01,2021,12,8358,0
math.stackexchange,questions,2022-01,2022-01-01,2022,1,8774,0
math.stackexchange,questions,2022-02,2022-02-01,2022,2,7716,0
math.stackexchange,questions,2022-03,2022-03-01,2022,3,8202,0
math.stackexchange,questions,2022-04,2022-04-01,2022,4,7913,0
math.stackexchange,questions,2022-05,2022-05-01,2022,5,8099,0
math.stackexchange,questions,2022-06,2022-06-01,2022,6,7393,0
math.stackexchange,questions,2022-07,2022-07-01,2022,7,6918,0
math.stackexchange,questions,2022-08,2022-08-01,2022,8,6569,0
math.stackexchange,questions,2022-09,2022-09-01,2022,9,6827,0
math.stackexchange,questions,2022-10,2022-10-01,2022,10,8201,0
math.stackexchange,questions,2022-11,2022-11-01,2022,11,7625,0
math.stackexchange,questions,2022-12,2022-12-01,2022,12,6759,0
math.stackexchange,questions,2023-01,2023-01-01,2023,1,7151,0
math.stackexchange,questions,2023-02,2023-02-01,2023,2,6369,0
math.stackexchange,questions,2023-03,2023-03-01,2023,3,7302,0
math.stackexchange,questions,2023-04,2023-04-01,2023,4,6709,0
math.stackexchange,questions,2023-05,2023-05-01,2023,5,7131,0
math.stackexchange,questions,2023-06,2023-06-01,2023,6,6202,0
math.stackexchange,questions,2023-07,2023-07-01,2023,7,6013,0
math.stackexchange,questions,2023-08,2023-08-01,2023,8,5545,0
math.stackexchange,questions,2023-09,2023-09-01,2023,9,5783,0
math.stackexchange,questions,2023-10,2023-10-01,2023,10,6777,0
math.stackexchange,questions,2023-11,2023-11-01,2023,11,6840,0
math.stackexchange,questions,2023-12,2023-12-01,2023,12,5912,0
math.stackexchange,questions,2024-01,2024-01-01,2024,1,5966,0
math.stackexchange,questions,2024-02,2024-02-01,2024,2,5810,0
math.stackexchange,questions,2024-03,2024-03-01,2024,3,5776,0
math.stackexchange,questions,2024-04,2024-04-01,2024,4,5673,0
math.stackexchange,questions,2024-05,2024-05-01,2024,5,5671,0
math.stackexchange,questions,2024-06,2024-06-01,2024,6,4782,0
math.stackexchange,questions,2024-07,2024-07-01,2024,7,4243,0
math.stackexchange,questions,2024-08,2024-08-01,2024,8,4076,0
math.stackexchange,questions,2024-09,2024-09-01,2024,9,4091,0
math.stackexchange,questions,2024-10,2024-10-01,2024,10,4509,0
math.stackexchange,questions,2024-11,2024-11-01,2024,11,4038,0
math.stackexchange,questions,2024-12,2024-12-01,2024,12,3742,0
math.stackexchange,questions,2025-01,2025-01-01,2025,1,3731,0
math.stackexchange,questions,2025-02,2025-02-01,2025,2,3021,0
math.stackexchange,questions,2025-03,2025-03-01,2025,3,3237,0
math.stackexchange,questions,2025-04,2025-04-01,2025,4,2637,0
math.stackexchange,questions,2025-05,2025-05-01,2025,5,2541,0
math.stackexchange,questions,2025-06,2025-06-01,2025,6,2352,0
math.stackexchange,questions,2025-07,2025-07-01,2025,7,2261,0
math.stackexchange,questions,2025-08,2025-08-01,2025,8,2042,0
math.stackexchange,questions,2025-09,2025-09-01,2025,9,1850,0
math.stackexchange,questions,2025-10,2025-10-01,2025,10,1958,0
math.stackexchange,questions,2025-11,2025-11-01,2025,11,1746,0
math.stackexchange,questions,2025-12,2025-12-01,2025,12,1497,0
math.stackexchange,questions,2026-01,2026-01-01,2026,1,1478,0
math.stackexchange,questions,2026-02,2026-02-01,2026,2,1320,0
math.stackexchange,questions,2026-03,2026-03-01,2026,3,1282,0
math.stackexchange,questions,2026-04,2026-04-01,2026,4,1238,0
math.stackexchange,questions,2026-05,2026-05-01,2026,5,1136,0
mathoverflow.net,answers,2021-01,2021-01-01,2021,1,983,0
mathoverflow.net,answers,2021-02,2021-02-01,2021,2,890,0
mathoverflow.net,answers,2021-03,2021-03-01,2021,3,958,0
mathoverflow.net,answers,2021-04,2021-04-01,2021,4,936,0
mathoverflow.net,answers,2021-05,2021-05-01,2021,5,915,0
mathoverflow.net,answers,2021-06,2021-06-01,2021,6,799,0
mathoverflow.net,answers,2021-07,2021-07-01,2021,7,784,0
mathoverflow.net,answers,2021-08,2021-08-01,2021,8,779,0
mathoverflow.net,answers,2021-09,2021-09-01,2021,9,822,0
mathoverflow.net,answers,2021-10,2021-10-01,2021,10,798,0
mathoverflow.net,answers,2021-11,2021-11-01,2021,11,742,0
mathoverflow.net,answers,2021-12,2021-12-01,2021,12,780,0
mathoverflow.net,answers,2022-01,2022-01-01,2022,1,783,0
mathoverflow.net,answers,2022-02,2022-02-01,2022,2,695,0
mathoverflow.net,answers,2022-03,2022-03-01,2022,3,762,0
mathoverflow.net,answers,2022-04,2022-04-01,2022,4,729,0
mathoverflow.net,answers,2022-05,2022-05-01,2022,5,751,0
mathoverflow.net,answers,2022-06,2022-06-01,2022,6,664,0
mathoverflow.net,answers,2022-07,2022-07-01,2022,7,581,0
mathoverflow.net,answers,2022-08,2022-08-01,2022,8,610,0
mathoverflow.net,answers,2022-09,2022-09-01,2022,9,661,0
mathoverflow.net,answers,2022-10,2022-10-01,2022,10,684,0
mathoverflow.net,answers,2022-11,2022-11-01,2022,11,679,0
mathoverflow.net,answers,2022-12,2022-12-01,2022,12,716,0
mathoverflow.net,answers,2023-01,2023-01-01,2023,1,813,0
mathoverflow.net,answers,2023-02,2023-02-01,2023,2,702,0
mathoverflow.net,answers,2023-03,2023-03-01,2023,3,702,0
mathoverflow.net,answers,2023-04,2023-04-01,2023,4,641,0
mathoverflow.net,answers,2023-05,2023-05-01,2023,5,701,0
mathoverflow.net,answers,2023-06,2023-06-01,2023,6,646,0
mathoverflow.net,answers,2023-07,2023-07-01,2023,7,632,0
mathoverflow.net,answers,2023-08,2023-08-01,2023,8,646,0
mathoverflow.net,answers,2023-09,2023-09-01,2023,9,589,0
mathoverflow.net,answers,2023-10,2023-10-01,2023,10,657,0
mathoverflow.net,answers,2023-11,2023-11-01,2023,11,726,0
mathoverflow.net,answers,2023-12,2023-12-01,2023,12,645,0
mathoverflow.net,answers,2024-01,2024-01-01,2024,1,658,0
mathoverflow.net,answers,2024-02,2024-02-01,2024,2,625,0
mathoverflow.net,answers,2024-03,2024-03-01,2024,3,681,0
mathoverflow.net,answers,2024-04,2024-04-01,2024,4,683,0
mathoverflow.net,answers,2024-05,2024-05-01,2024,5,629,0
mathoverflow.net,answers,2024-06,2024-06-01,2024,6,561,0
mathoverflow.net,answers,2024-07,2024-07-01,2024,7,615,0
mathoverflow.net,answers,2024-08,2024-08-01,2024,8,574,0
mathoverflow.net,answers,2024-09,2024-09-01,2024,9,598,0
mathoverflow.net,answers,2024-10,2024-10-01,2024,10,563,0
mathoverflow.net,answers,2024-11,2024-11-01,2024,11,674,0
mathoverflow.net,answers,2024-12,2024-12-01,2024,12,573,0
mathoverflow.net,answers,2025-01,2025-01-01,2025,1,619,0
mathoverflow.net,answers,2025-02,2025-02-01,2025,2,539,0
mathoverflow.net,answers,2025-03,2025-03-01,2025,3,572,0
mathoverflow.net,answers,2025-04,2025-04-01,2025,4,513,0
mathoverflow.net,answers,2025-05,2025-05-01,2025,5,533,0
mathoverflow.net,answers,2025-06,2025-06-01,2025,6,489,0
mathoverflow.net,answers,2025-07,2025-07-01,2025,7,486,0
mathoverflow.net,answers,2025-08,2025-08-01,2025,8,458,0
mathoverflow.net,answers,2025-09,2025-09-01,2025,9,460,0
mathoverflow.net,answers,2025-10,2025-10-01,2025,10,491,0
mathoverflow.net,answers,2025-11,2025-11-01,2025,11,397,0
mathoverflow.net,answers,2025-12,2025-12-01,2025,12,392,0
mathoverflow.net,answers,2026-01,2026-01-01,2026,1,403,0
mathoverflow.net,answers,2026-02,2026-02-01,2026,2,355,0
mathoverflow.net,answers,2026-03,2026-03-01,2026,3,417,0
mathoverflow.net,answers,2026-04,2026-04-01,2026,4,423,0
mathoverflow.net,answers,2026-05,2026-05-01,2026,5,405,0
mathoverflow.net,questions,2021-01,2021-01-01,2021,1,967,0
mathoverflow.net,questions,2021-02,2021-02-01,2021,2,939,0
mathoverflow.net,questions,2021-03,2021-03-01,2021,3,1099,0
mathoverflow.net,questions,2021-04,2021-04-01,2021,4,1025,0
mathoverflow.net,questions,2021-05,2021-05-01,2021,5,1030,0
mathoverflow.net,questions,2021-06,2021-06-01,2021,6,916,0
mathoverflow.net,questions,2021-07,2021-07-01,2021,7,862,0
mathoverflow.net,questions,2021-08,2021-08-01,2021,8,861,0
mathoverflow.net,questions,2021-09,2021-09-01,2021,9,923,0
mathoverflow.net,questions,2021-10,2021-10-01,2021,10,854,0
mathoverflow.net,questions,2021-11,2021-11-01,2021,11,868,0
mathoverflow.net,questions,2021-12,2021-12-01,2021,12,850,0
mathoverflow.net,questions,2022-01,2022-01-01,2022,1,847,0
mathoverflow.net,questions,2022-02,2022-02-01,2022,2,794,0
mathoverflow.net,questions,2022-03,2022-03-01,2022,3,866,0
mathoverflow.net,questions,2022-04,2022-04-01,2022,4,832,0
mathoverflow.net,questions,2022-05,2022-05-01,2022,5,912,0
mathoverflow.net,questions,2022-06,2022-06-01,2022,6,815,0
mathoverflow.net,questions,2022-07,2022-07-01,2022,7,745,0
mathoverflow.net,questions,2022-08,2022-08-01,2022,8,787,0
mathoverflow.net,questions,2022-09,2022-09-01,2022,9,820,0
mathoverflow.net,questions,2022-10,2022-10-01,2022,10,845,0
mathoverflow.net,questions,2022-11,2022-11-01,2022,11,761,0
mathoverflow.net,questions,2022-12,2022-12-01,2022,12,759,0
mathoverflow.net,questions,2023-01,2023-01-01,2023,1,813,0
mathoverflow.net,questions,2023-02,2023-02-01,2023,2,768,0
mathoverflow.net,questions,2023-03,2023-03-01,2023,3,816,0
mathoverflow.net,questions,2023-04,2023-04-01,2023,4,768,0
mathoverflow.net,questions,2023-05,2023-05-01,2023,5,871,0
mathoverflow.net,questions,2023-06,2023-06-01,2023,6,799,0
mathoverflow.net,questions,2023-07,2023-07-01,2023,7,790,0
mathoverflow.net,questions,2023-08,2023-08-01,2023,8,751,0
mathoverflow.net,questions,2023-09,2023-09-01,2023,9,741,0
mathoverflow.net,questions,2023-10,2023-10-01,2023,10,751,0
mathoverflow.net,questions,2023-11,2023-11-01,2023,11,753,0
mathoverflow.net,questions,2023-12,2023-12-01,2023,12,729,0
mathoverflow.net,questions,2024-01,2024-01-01,2024,1,727,0
mathoverflow.net,questions,2024-02,2024-02-01,2024,2,743,0
mathoverflow.net,questions,2024-03,2024-03-01,2024,3,763,0
mathoverflow.net,questions,2024-04,2024-04-01,2024,4,768,0
mathoverflow.net,questions,2024-05,2024-05-01,2024,5,797,0
mathoverflow.net,questions,2024-06,2024-06-01,2024,6,679,0
mathoverflow.net,questions,2024-07,2024-07-01,2024,7,715,0
mathoverflow.net,questions,2024-08,2024-08-01,2024,8,722,0
mathoverflow.net,questions,2024-09,2024-09-01,2024,9,733,0
mathoverflow.net,questions,2024-10,2024-10-01,2024,10,707,0
mathoverflow.net,questions,2024-11,2024-11-01,2024,11,677,0
mathoverflow.net,questions,2024-12,2024-12-01,2024,12,688,0
mathoverflow.net,questions,2025-01,2025-01-01,2025,1,705,0
mathoverflow.net,questions,2025-02,2025-02-01,2025,2,664,0
mathoverflow.net,questions,2025-03,2025-03-01,2025,3,668,0
mathoverflow.net,questions,2025-04,2025-04-01,2025,4,619,0
mathoverflow.net,questions,2025-05,2025-05-01,2025,5,626,0
mathoverflow.net,questions,2025-06,2025-06-01,2025,6,590,0
mathoverflow.net,questions,2025-07,2025-07-01,2025,7,596,0
mathoverflow.net,questions,2025-08,2025-08-01,2025,8,477,0
mathoverflow.net,questions,2025-09,2025-09-01,2025,9,461,0
mathoverflow.net,questions,2025-10,2025-10-01,2025,10,513,0
mathoverflow.net,questions,2025-11,2025-11-01,2025,11,501,0
mathoverflow.net,questions,2025-12,2025-12-01,2025,12,420,0
mathoverflow.net,questions,2026-01,2026-01-01,2026,1,462,0
mathoverflow.net,questions,2026-02,2026-02-01,2026,2,370,0
mathoverflow.net,questions,2026-03,2026-03-01,2026,3,390,0
mathoverflow.net,questions,2026-04,2026-04-01,2026,4,415,0
mathoverflow.net,questions,2026-05,2026-05-01,2026,5,394,0
pt.stackoverflow,answers,2021-01,2021-01-01,2021,1,1096,0
pt.stackoverflow,answers,2021-02,2021-02-01,2021,2,1094,0
pt.stackoverflow,answers,2021-03,2021-03-01,2021,3,825,0
pt.stackoverflow,answers,2021-04,2021-04-01,2021,4,704,0
pt.stackoverflow,answers,2021-05,2021-05-01,2021,5,692,0
pt.stackoverflow,answers,2021-06,2021-06-01,2021,6,687,0
pt.stackoverflow,answers,2021-07,2021-07-01,2021,7,608,0
pt.stackoverflow,answers,2021-08,2021-08-01,2021,8,610,0
pt.stackoverflow,answers,2021-09,2021-09-01,2021,9,542,0
pt.stackoverflow,answers,2021-10,2021-10-01,2021,10,447,0
pt.stackoverflow,answers,2021-11,2021-11-01,2021,11,401,0
pt.stackoverflow,answers,2021-12,2021-12-01,2021,12,321,0
pt.stackoverflow,answers,2022-01,2022-01-01,2022,1,406,0
pt.stackoverflow,answers,2022-02,2022-02-01,2022,2,363,0
pt.stackoverflow,answers,2022-03,2022-03-01,2022,3,486,0
pt.stackoverflow,answers,2022-04,2022-04-01,2022,4,423,0
pt.stackoverflow,answers,2022-05,2022-05-01,2022,5,441,0
pt.stackoverflow,answers,2022-06,2022-06-01,2022,6,443,0
pt.stackoverflow,answers,2022-07,2022-07-01,2022,7,347,0
pt.stackoverflow,answers,2022-08,2022-08-01,2022,8,387,0
pt.stackoverflow,answers,2022-09,2022-09-01,2022,9,347,0
pt.stackoverflow,answers,2022-10,2022-10-01,2022,10,424,0
pt.stackoverflow,answers,2022-11,2022-11-01,2022,11,357,0
pt.stackoverflow,answers,2022-12,2022-12-01,2022,12,334,0
pt.stackoverflow,answers,2023-01,2023-01-01,2023,1,348,0
pt.stackoverflow,answers,2023-02,2023-02-01,2023,2,278,0
pt.stackoverflow,answers,2023-03,2023-03-01,2023,3,245,0
pt.stackoverflow,answers,2023-04,2023-04-01,2023,4,184,0
pt.stackoverflow,answers,2023-05,2023-05-01,2023,5,161,0
pt.stackoverflow,answers,2023-06,2023-06-01,2023,6,114,0
pt.stackoverflow,answers,2023-07,2023-07-01,2023,7,76,0
pt.stackoverflow,answers,2023-08,2023-08-01,2023,8,74,0
pt.stackoverflow,answers,2023-09,2023-09-01,2023,9,108,0
pt.stackoverflow,answers,2023-10,2023-10-01,2023,10,98,0
pt.stackoverflow,answers,2023-11,2023-11-01,2023,11,108,0
pt.stackoverflow,answers,2023-12,2023-12-01,2023,12,66,0
pt.stackoverflow,answers,2024-01,2024-01-01,2024,1,76,0
pt.stackoverflow,answers,2024-02,2024-02-01,2024,2,62,0
pt.stackoverflow,answers,2024-03,2024-03-01,2024,3,48,0
pt.stackoverflow,answers,2024-04,2024-04-01,2024,4,37,0
pt.stackoverflow,answers,2024-05,2024-05-01,2024,5,51,0
pt.stackoverflow,answers,2024-06,2024-06-01,2024,6,55,0
pt.stackoverflow,answers,2024-07,2024-07-01,2024,7,25,0
pt.stackoverflow,answers,2024-08,2024-08-01,2024,8,27,0
pt.stackoverflow,answers,2024-09,2024-09-01,2024,9,20,0
pt.stackoverflow,answers,2024-10,2024-10-01,2024,10,30,0
pt.stackoverflow,answers,2024-11,2024-11-01,2024,11,21,0
pt.stackoverflow,answers,2024-12,2024-12-01,2024,12,18,0
pt.stackoverflow,answers,2025-01,2025-01-01,2025,1,25,0
pt.stackoverflow,answers,2025-02,2025-02-01,2025,2,13,0
pt.stackoverflow,answers,2025-03,2025-03-01,2025,3,19,0
pt.stackoverflow,answers,2025-04,2025-04-01,2025,4,17,0
pt.stackoverflow,answers,2025-05,2025-05-01,2025,5,11,0
pt.stackoverflow,answers,2025-06,2025-06-01,2025,6,19,0
pt.stackoverflow,answers,2025-07,2025-07-01,2025,7,11,0
pt.stackoverflow,answers,2025-08,2025-08-01,2025,8,7,0
pt.stackoverflow,answers,2025-09,2025-09-01,2025,9,2,0
pt.stackoverflow,answers,2025-10,2025-10-01,2025,10,6,0
pt.stackoverflow,answers,2025-11,2025-11-01,2025,11,6,0
pt.stackoverflow,answers,2025-12,2025-12-01,2025,12,6,0
pt.stackoverflow,answers,2026-01,2026-01-01,2026,1,7,0
pt.stackoverflow,answers,2026-02,2026-02-01,2026,2,2,0
pt.stackoverflow,answers,2026-03,2026-03-01,2026,3,5,0
pt.stackoverflow,answers,2026-04,2026-04-01,2026,4,2,0
pt.stackoverflow,answers,2026-05,2026-05-01,2026,5,7,0
pt.stackoverflow,questions,2021-01,2021-01-01,2021,1,995,0
pt.stackoverflow,questions,2021-02,2021-02-01,2021,2,926,0
pt.stackoverflow,questions,2021-03,2021-03-01,2021,3,684,0
pt.stackoverflow,questions,2021-04,2021-04-01,2021,4,545,0
pt.stackoverflow,questions,2021-05,2021-05-01,2021,5,514,0
pt.stackoverflow,questions,2021-06,2021-06-01,2021,6,491,0
pt.stackoverflow,questions,2021-07,2021-07-01,2021,7,510,0
pt.stackoverflow,questions,2021-08,2021-08-01,2021,8,551,0
pt.stackoverflow,questions,2021-09,2021-09-01,2021,9,401,0
pt.stackoverflow,questions,2021-10,2021-10-01,2021,10,316,0
pt.stackoverflow,questions,2021-11,2021-11-01,2021,11,334,0
pt.stackoverflow,questions,2021-12,2021-12-01,2021,12,242,0
pt.stackoverflow,questions,2022-01,2022-01-01,2022,1,311,0
pt.stackoverflow,questions,2022-02,2022-02-01,2022,2,260,0
pt.stackoverflow,questions,2022-03,2022-03-01,2022,3,353,0
pt.stackoverflow,questions,2022-04,2022-04-01,2022,4,330,0
pt.stackoverflow,questions,2022-05,2022-05-01,2022,5,365,0
pt.stackoverflow,questions,2022-06,2022-06-01,2022,6,332,0
pt.stackoverflow,questions,2022-07,2022-07-01,2022,7,256,0
pt.stackoverflow,questions,2022-08,2022-08-01,2022,8,313,0
pt.stackoverflow,questions,2022-09,2022-09-01,2022,9,273,0
pt.stackoverflow,questions,2022-10,2022-10-01,2022,10,322,0
pt.stackoverflow,questions,2022-11,2022-11-01,2022,11,278,0
pt.stackoverflow,questions,2022-12,2022-12-01,2022,12,234,0
pt.stackoverflow,questions,2023-01,2023-01-01,2023,1,251,0
pt.stackoverflow,questions,2023-02,2023-02-01,2023,2,222,0
pt.stackoverflow,questions,2023-03,2023-03-01,2023,3,179,0
pt.stackoverflow,questions,2023-04,2023-04-01,2023,4,133,0
pt.stackoverflow,questions,2023-05,2023-05-01,2023,5,119,0
pt.stackoverflow,questions,2023-06,2023-06-01,2023,6,71,0
pt.stackoverflow,questions,2023-07,2023-07-01,2023,7,37,0
pt.stackoverflow,questions,2023-08,2023-08-01,2023,8,50,0
pt.stackoverflow,questions,2023-09,2023-09-01,2023,9,80,0
pt.stackoverflow,questions,2023-10,2023-10-01,2023,10,78,0
pt.stackoverflow,questions,2023-11,2023-11-01,2023,11,71,0
pt.stackoverflow,questions,2023-12,2023-12-01,2023,12,54,0
pt.stackoverflow,questions,2024-01,2024-01-01,2024,1,46,0
pt.stackoverflow,questions,2024-02,2024-02-01,2024,2,39,0
pt.stackoverflow,questions,2024-03,2024-03-01,2024,3,34,0
pt.stackoverflow,questions,2024-04,2024-04-01,2024,4,35,0
pt.stackoverflow,questions,2024-05,2024-05-01,2024,5,36,0
pt.stackoverflow,questions,2024-06,2024-06-01,2024,6,25,0
pt.stackoverflow,questions,2024-07,2024-07-01,2024,7,27,0
pt.stackoverflow,questions,2024-08,2024-08-01,2024,8,20,0
pt.stackoverflow,questions,2024-09,2024-09-01,2024,9,11,0
pt.stackoverflow,questions,2024-10,2024-10-01,2024,10,24,0
pt.stackoverflow,questions,2024-11,2024-11-01,2024,11,9,0
pt.stackoverflow,questions,2024-12,2024-12-01,2024,12,8,0
pt.stackoverflow,questions,2025-01,2025-01-01,2025,1,16,0
pt.stackoverflow,questions,2025-02,2025-02-01,2025,2,5,0
pt.stackoverflow,questions,2025-03,2025-03-01,2025,3,8,0
pt.stackoverflow,questions,2025-04,2025-04-01,2025,4,7,0
pt.stackoverflow,questions,2025-05,2025-05-01,2025,5,4,0
pt.stackoverflow,questions,2025-06,2025-06-01,2025,6,6,0
pt.stackoverflow,questions,2025-07,2025-07-01,2025,7,4,0
pt.stackoverflow,questions,2025-08,2025-08-01,2025,8,5,0
pt.stackoverflow,questions,2025-09,2025-09-01,2025,9,1,0
pt.stackoverflow,questions,2025-10,2025-10-01,2025,10,2,0
pt.stackoverflow,questions,2025-11,2025-11-01,2025,11,0,0
pt.stackoverflow,questions,2025-12,2025-12-01,2025,12,4,0
pt.stackoverflow,questions,2026-01,2026-01-01,2026,1,2,0
pt.stackoverflow,questions,2026-02,2026-02-01,2026,2,0,0
pt.stackoverflow,questions,2026-03,2026-03-01,2026,3,2,0
pt.stackoverflow,questions,2026-04,2026-04-01,2026,4,0,0
pt.stackoverflow,questions,2026-05,2026-05-01,2026,5,1,0
ru.stackoverflow,answers,2021-01,2021-01-01,2021,1,4453,0
ru.stackoverflow,answers,2021-02,2021-02-01,2021,2,4022,0
ru.stackoverflow,answers,2021-03,2021-03-01,2021,3,4688,0
ru.stackoverflow,answers,2021-04,2021-04-01,2021,4,4134,0
ru.stackoverflow,answers,2021-05,2021-05-01,2021,5,3674,0
ru.stackoverflow,answers,2021-06,2021-06-01,2021,6,3316,0
ru.stackoverflow,answers,2021-07,2021-07-01,2021,7,3449,0
ru.stackoverflow,answers,2021-08,2021-08-01,2021,8,3550,0
ru.stackoverflow,answers,2021-09,2021-09-01,2021,9,3165,0
ru.stackoverflow,answers,2021-10,2021-10-01,2021,10,3272,0
ru.stackoverflow,answers,2021-11,2021-11-01,2021,11,3970,0
ru.stackoverflow,answers,2021-12,2021-12-01,2021,12,3541,0
ru.stackoverflow,answers,2022-01,2022-01-01,2022,1,3125,0
ru.stackoverflow,answers,2022-02,2022-02-01,2022,2,2849,0
ru.stackoverflow,answers,2022-03,2022-03-01,2022,3,2625,0
ru.stackoverflow,answers,2022-04,2022-04-01,2022,4,2820,0
ru.stackoverflow,answers,2022-05,2022-05-01,2022,5,3287,0
ru.stackoverflow,answers,2022-06,2022-06-01,2022,6,3068,0
ru.stackoverflow,answers,2022-07,2022-07-01,2022,7,2870,0
ru.stackoverflow,answers,2022-08,2022-08-01,2022,8,2938,0
ru.stackoverflow,answers,2022-09,2022-09-01,2022,9,2595,0
ru.stackoverflow,answers,2022-10,2022-10-01,2022,10,2971,0
ru.stackoverflow,answers,2022-11,2022-11-01,2022,11,3219,0
ru.stackoverflow,answers,2022-12,2022-12-01,2022,12,3181,0
ru.stackoverflow,answers,2023-01,2023-01-01,2023,1,3026,0
ru.stackoverflow,answers,2023-02,2023-02-01,2023,2,2993,0
ru.stackoverflow,answers,2023-03,2023-03-01,2023,3,2645,0
ru.stackoverflow,answers,2023-04,2023-04-01,2023,4,2042,0
ru.stackoverflow,answers,2023-05,2023-05-01,2023,5,1911,0
ru.stackoverflow,answers,2023-06,2023-06-01,2023,6,1431,0
ru.stackoverflow,answers,2023-07,2023-07-01,2023,7,1572,0
ru.stackoverflow,answers,2023-08,2023-08-01,2023,8,1543,0
ru.stackoverflow,answers,2023-09,2023-09-01,2023,9,1590,0
ru.stackoverflow,answers,2023-10,2023-10-01,2023,10,1623,0
ru.stackoverflow,answers,2023-11,2023-11-01,2023,11,1416,0
ru.stackoverflow,answers,2023-12,2023-12-01,2023,12,1411,0
ru.stackoverflow,answers,2024-01,2024-01-01,2024,1,1317,0
ru.stackoverflow,answers,2024-02,2024-02-01,2024,2,1290,0
ru.stackoverflow,answers,2024-03,2024-03-01,2024,3,1293,0
ru.stackoverflow,answers,2024-04,2024-04-01,2024,4,1224,0
ru.stackoverflow,answers,2024-05,2024-05-01,2024,5,1047,0
ru.stackoverflow,answers,2024-06,2024-06-01,2024,6,954,0
ru.stackoverflow,answers,2024-07,2024-07-01,2024,7,956,0
ru.stackoverflow,answers,2024-08,2024-08-01,2024,8,1113,0
ru.stackoverflow,answers,2024-09,2024-09-01,2024,9,839,0
ru.stackoverflow,answers,2024-10,2024-10-01,2024,10,925,0
ru.stackoverflow,answers,2024-11,2024-11-01,2024,11,894,0
ru.stackoverflow,answers,2024-12,2024-12-01,2024,12,760,0
ru.stackoverflow,answers,2025-01,2025-01-01,2025,1,680,0
ru.stackoverflow,answers,2025-02,2025-02-01,2025,2,571,0
ru.stackoverflow,answers,2025-03,2025-03-01,2025,3,547,0
ru.stackoverflow,answers,2025-04,2025-04-01,2025,4,483,0
ru.stackoverflow,answers,2025-05,2025-05-01,2025,5,507,0
ru.stackoverflow,answers,2025-06,2025-06-01,2025,6,329,0
ru.stackoverflow,answers,2025-07,2025-07-01,2025,7,306,0
ru.stackoverflow,answers,2025-08,2025-08-01,2025,8,273,0
ru.stackoverflow,answers,2025-09,2025-09-01,2025,9,263,0
ru.stackoverflow,answers,2025-10,2025-10-01,2025,10,222,0
ru.stackoverflow,answers,2025-11,2025-11-01,2025,11,263,0
ru.stackoverflow,answers,2025-12,2025-12-01,2025,12,235,0
ru.stackoverflow,answers,2026-01,2026-01-01,2026,1,227,0
ru.stackoverflow,answers,2026-02,2026-02-01,2026,2,167,0
ru.stackoverflow,answers,2026-03,2026-03-01,2026,3,156,0
ru.stackoverflow,answers,2026-04,2026-04-01,2026,4,132,0
ru.stackoverflow,answers,2026-05,2026-05-01,2026,5,117,0
ru.stackoverflow,questions,2021-01,2021-01-01,2021,1,4355,0
ru.stackoverflow,questions,2021-02,2021-02-01,2021,2,4115,0
ru.stackoverflow,questions,2021-03,2021-03-01,2021,3,4932,0
ru.stackoverflow,questions,2021-04,2021-04-01,2021,4,4380,0
ru.stackoverflow,questions,2021-05,2021-05-01,2021,5,4133,0
ru.stackoverflow,questions,2021-06,2021-06-01,2021,6,3694,0
ru.stackoverflow,questions,2021-07,2021-07-01,2021,7,3541,0
ru.stackoverflow,questions,2021-08,2021-08-01,2021,8,3598,0
ru.stackoverflow,questions,2021-09,2021-09-01,2021,9,3323,0
ru.stackoverflow,questions,2021-10,2021-10-01,2021,10,3424,0
ru.stackoverflow,questions,2021-11,2021-11-01,2021,11,4086,0
ru.stackoverflow,questions,2021-12,2021-12-01,2021,12,3593,0
ru.stackoverflow,questions,2022-01,2022-01-01,2022,1,3228,0
ru.stackoverflow,questions,2022-02,2022-02-01,2022,2,3020,0
ru.stackoverflow,questions,2022-03,2022-03-01,2022,3,2941,0
ru.stackoverflow,questions,2022-04,2022-04-01,2022,4,3174,0
ru.stackoverflow,questions,2022-05,2022-05-01,2022,5,3576,0
ru.stackoverflow,questions,2022-06,2022-06-01,2022,6,3349,0
ru.stackoverflow,questions,2022-07,2022-07-01,2022,7,2945,0
ru.stackoverflow,questions,2022-08,2022-08-01,2022,8,3224,0
ru.stackoverflow,questions,2022-09,2022-09-01,2022,9,2847,0
ru.stackoverflow,questions,2022-10,2022-10-01,2022,10,3304,0
ru.stackoverflow,questions,2022-11,2022-11-01,2022,11,3543,0
ru.stackoverflow,questions,2022-12,2022-12-01,2022,12,3340,0
ru.stackoverflow,questions,2023-01,2023-01-01,2023,1,3012,0
ru.stackoverflow,questions,2023-02,2023-02-01,2023,2,3144,0
ru.stackoverflow,questions,2023-03,2023-03-01,2023,3,2811,0
ru.stackoverflow,questions,2023-04,2023-04-01,2023,4,2215,0
ru.stackoverflow,questions,2023-05,2023-05-01,2023,5,2071,0
ru.stackoverflow,questions,2023-06,2023-06-01,2023,6,1680,0
ru.stackoverflow,questions,2023-07,2023-07-01,2023,7,1721,0
ru.stackoverflow,questions,2023-08,2023-08-01,2023,8,1614,0
ru.stackoverflow,questions,2023-09,2023-09-01,2023,9,1606,0
ru.stackoverflow,questions,2023-10,2023-10-01,2023,10,1714,0
ru.stackoverflow,questions,2023-11,2023-11-01,2023,11,1569,0
ru.stackoverflow,questions,2023-12,2023-12-01,2023,12,1528,0
ru.stackoverflow,questions,2024-01,2024-01-01,2024,1,1451,0
ru.stackoverflow,questions,2024-02,2024-02-01,2024,2,1449,0
ru.stackoverflow,questions,2024-03,2024-03-01,2024,3,1469,0
ru.stackoverflow,questions,2024-04,2024-04-01,2024,4,1375,0
ru.stackoverflow,questions,2024-05,2024-05-01,2024,5,1179,0
ru.stackoverflow,questions,2024-06,2024-06-01,2024,6,1039,0
ru.stackoverflow,questions,2024-07,2024-07-01,2024,7,1048,0
ru.stackoverflow,questions,2024-08,2024-08-01,2024,8,992,0
ru.stackoverflow,questions,2024-09,2024-09-01,2024,9,841,0
ru.stackoverflow,questions,2024-10,2024-10-01,2024,10,991,0
ru.stackoverflow,questions,2024-11,2024-11-01,2024,11,901,0
ru.stackoverflow,questions,2024-12,2024-12-01,2024,12,720,0
ru.stackoverflow,questions,2025-01,2025-01-01,2025,1,620,0
ru.stackoverflow,questions,2025-02,2025-02-01,2025,2,448,0
ru.stackoverflow,questions,2025-03,2025-03-01,2025,3,443,0
ru.stackoverflow,questions,2025-04,2025-04-01,2025,4,416,0
ru.stackoverflow,questions,2025-05,2025-05-01,2025,5,410,0
ru.stackoverflow,questions,2025-06,2025-06-01,2025,6,320,0
ru.stackoverflow,questions,2025-07,2025-07-01,2025,7,349,0
ru.stackoverflow,questions,2025-08,2025-08-01,2025,8,316,0
ru.stackoverflow,questions,2025-09,2025-09-01,2025,9,271,0
ru.stackoverflow,questions,2025-10,2025-10-01,2025,10,248,0
ru.stackoverflow,questions,2025-11,2025-11-01,2025,11,237,0
ru.stackoverflow,questions,2025-12,2025-12-01,2025,12,227,0
ru.stackoverflow,questions,2026-01,2026-01-01,2026,1,189,0
ru.stackoverflow,questions,2026-02,2026-02-01,2026,2,148,0
ru.stackoverflow,questions,2026-03,2026-03-01,2026,3,147,0
ru.stackoverflow,questions,2026-04,2026-04-01,2026,4,111,0
ru.stackoverflow,questions,2026-05,2026-05-01,2026,5,87,0
stackoverflow,answers,2021-01,2021-01-01,2021,1,184441,1
stackoverflow,answers,2021-02,2021-02-01,2021,2,170768,1
stackoverflow,answers,2021-03,2021-03-01,2021,3,188822,1
stackoverflow,answers,2021-04,2021-04-01,2021,4,173645,1
stackoverflow,answers,2021-05,2021-05-01,2021,5,173021,1
stackoverflow,answers,2021-06,2021-06-01,2021,6,166868,1
stackoverflow,answers,2021-07,2021-07-01,2021,7,160993,1
stackoverflow,answers,2021-08,2021-08-01,2021,8,160161,1
stackoverflow,answers,2021-09,2021-09-01,2021,9,157689,1
stackoverflow,answers,2021-10,2021-10-01,2021,10,154482,1
stackoverflow,answers,2021-11,2021-11-01,2021,11,150657,1
stackoverflow,answers,2021-12,2021-12-01,2021,12,145125,1
stackoverflow,answers,2022-01,2022-01-01,2022,1,154282,1
stackoverflow,answers,2022-02,2022-02-01,2022,2,144845,1
stackoverflow,answers,2022-03,2022-03-01,2022,3,153610,1
stackoverflow,answers,2022-04,2022-04-01,2022,4,144690,1
stackoverflow,answers,2022-05,2022-05-01,2022,5,147333,1
stackoverflow,answers,2022-06,2022-06-01,2022,6,143167,1
stackoverflow,answers,2022-07,2022-07-01,2022,7,143542,1
stackoverflow,answers,2022-08,2022-08-01,2022,8,148249,1
stackoverflow,answers,2022-09,2022-09-01,2022,9,138332,1
stackoverflow,answers,2022-10,2022-10-01,2022,10,137422,1
stackoverflow,answers,2022-11,2022-11-01,2022,11,139315,1
stackoverflow,answers,2022-12,2022-12-01,2022,12,123772,1
stackoverflow,answers,2023-01,2023-01-01,2023,1,126211,1
stackoverflow,answers,2023-02,2023-02-01,2023,2,110868,1
stackoverflow,answers,2023-03,2023-03-01,2023,3,113441,1
stackoverflow,answers,2023-04,2023-04-01,2023,4,87260,1
stackoverflow,answers,2023-05,2023-05-01,2023,5,85764,1
stackoverflow,answers,2023-06,2023-06-01,2023,6,80590,1
stackoverflow,answers,2023-07,2023-07-01,2023,7,80471,1
stackoverflow,answers,2023-08,2023-08-01,2023,8,78525,1
stackoverflow,answers,2023-09,2023-09-01,2023,9,70223,1
stackoverflow,answers,2023-10,2023-10-01,2023,10,70023,1
stackoverflow,answers,2023-11,2023-11-01,2023,11,66537,1
stackoverflow,answers,2023-12,2023-12-01,2023,12,56679,1
stackoverflow,answers,2024-01,2024-01-01,2024,1,64395,1
stackoverflow,answers,2024-02,2024-02-01,2024,2,61220,1
stackoverflow,answers,2024-03,2024-03-01,2024,3,60453,1
stackoverflow,answers,2024-04,2024-04-01,2024,4,56756,1
stackoverflow,answers,2024-05,2024-05-01,2024,5,55124,1
stackoverflow,answers,2024-06,2024-06-01,2024,6,45239,1
stackoverflow,answers,2024-07,2024-07-01,2024,7,46000,1
stackoverflow,answers,2024-08,2024-08-01,2024,8,42617,1
stackoverflow,answers,2024-09,2024-09-01,2024,9,37703,1
stackoverflow,answers,2024-10,2024-10-01,2024,10,36715,1
stackoverflow,answers,2024-11,2024-11-01,2024,11,32929,1
stackoverflow,answers,2024-12,2024-12-01,2024,12,28103,1
stackoverflow,answers,2025-01,2025-01-01,2025,1,29345,1
stackoverflow,answers,2025-02,2025-02-01,2025,2,25833,1
stackoverflow,answers,2025-03,2025-03-01,2025,3,24674,1
stackoverflow,answers,2025-04,2025-04-01,2025,4,19505,1
stackoverflow,answers,2025-05,2025-05-01,2025,5,16660,1
stackoverflow,answers,2025-06,2025-06-01,2025,6,13383,1
stackoverflow,answers,2025-07,2025-07-01,2025,7,12538,1
stackoverflow,answers,2025-08,2025-08-01,2025,8,10081,1
stackoverflow,answers,2025-09,2025-09-01,2025,9,9499,1
stackoverflow,answers,2025-10,2025-10-01,2025,10,8926,1
stackoverflow,answers,2025-11,2025-11-01,2025,11,10389,1
stackoverflow,answers,2025-12,2025-12-01,2025,12,8810,1
stackoverflow,answers,2026-01,2026-01-01,2026,1,8675,1
stackoverflow,answers,2026-02,2026-02-01,2026,2,7748,1
stackoverflow,answers,2026-03,2026-03-01,2026,3,8583,1
stackoverflow,answers,2026-04,2026-04-01,2026,4,6994,1
stackoverflow,answers,2026-05,2026-05-01,2026,5,6501,1
stackoverflow,questions,2021-01,2021-01-01,2021,1,139856,1
stackoverflow,questions,2021-02,2021-02-01,2021,2,131661,1
stackoverflow,questions,2021-03,2021-03-01,2021,3,148744,1
stackoverflow,questions,2021-04,2021-04-01,2021,4,135862,1
stackoverflow,questions,2021-05,2021-05-01,2021,5,133786,1
stackoverflow,questions,2021-06,2021-06-01,2021,6,128983,1
stackoverflow,questions,2021-07,2021-07-01,2021,7,123972,1
stackoverflow,questions,2021-08,2021-08-01,2021,8,122075,1
stackoverflow,questions,2021-09,2021-09-01,2021,9,119763,1
stackoverflow,questions,2021-10,2021-10-01,2021,10,118851,1
stackoverflow,questions,2021-11,2021-11-01,2021,11,119083,1
stackoverflow,questions,2021-12,2021-12-01,2021,12,112113,1
stackoverflow,questions,2022-01,2022-01-01,2022,1,119281,1
stackoverflow,questions,2022-02,2022-02-01,2022,2,113783,1
stackoverflow,questions,2022-03,2022-03-01,2022,3,123390,1
stackoverflow,questions,2022-04,2022-04-01,2022,4,114123,1
stackoverflow,questions,2022-05,2022-05-01,2022,5,116099,1
stackoverflow,questions,2022-06,2022-06-01,2022,6,111379,1
stackoverflow,questions,2022-07,2022-07-01,2022,7,110827,1
stackoverflow,questions,2022-08,2022-08-01,2022,8,112891,1
stackoverflow,questions,2022-09,2022-09-01,2022,9,103726,1
stackoverflow,questions,2022-10,2022-10-01,2022,10,106060,1
stackoverflow,questions,2022-11,2022-11-01,2022,11,109478,1
stackoverflow,questions,2022-12,2022-12-01,2022,12,96444,1
stackoverflow,questions,2023-01,2023-01-01,2023,1,96877,1
stackoverflow,questions,2023-02,2023-02-01,2023,2,85683,1
stackoverflow,questions,2023-03,2023-03-01,2023,3,87274,1
stackoverflow,questions,2023-04,2023-04-01,2023,4,68555,1
stackoverflow,questions,2023-05,2023-05-01,2023,5,66551,1
stackoverflow,questions,2023-06,2023-06-01,2023,6,63676,1
stackoverflow,questions,2023-07,2023-07-01,2023,7,62807,1
stackoverflow,questions,2023-08,2023-08-01,2023,8,60055,1
stackoverflow,questions,2023-09,2023-09-01,2023,9,52795,1
stackoverflow,questions,2023-10,2023-10-01,2023,10,52370,1
stackoverflow,questions,2023-11,2023-11-01,2023,11,50330,1
stackoverflow,questions,2023-12,2023-12-01,2023,12,42392,1
stackoverflow,questions,2024-01,2024-01-01,2024,1,47664,1
stackoverflow,questions,2024-02,2024-02-01,2024,2,46031,1
stackoverflow,questions,2024-03,2024-03-01,2024,3,44751,1
stackoverflow,questions,2024-04,2024-04-01,2024,4,42434,1
stackoverflow,questions,2024-05,2024-05-01,2024,5,40049,1
stackoverflow,questions,2024-06,2024-06-01,2024,6,31986,1
stackoverflow,questions,2024-07,2024-07-01,2024,7,31466,1
stackoverflow,questions,2024-08,2024-08-01,2024,8,27837,1
stackoverflow,questions,2024-09,2024-09-01,2024,9,24774,1
stackoverflow,questions,2024-10,2024-10-01,2024,10,23195,1
stackoverflow,questions,2024-11,2024-11-01,2024,11,20827,1
stackoverflow,questions,2024-12,2024-12-01,2024,12,17954,1
stackoverflow,questions,2025-01,2025-01-01,2025,1,18209,1
stackoverflow,questions,2025-02,2025-02-01,2025,2,15547,1
stackoverflow,questions,2025-03,2025-03-01,2025,3,15104,1
stackoverflow,questions,2025-04,2025-04-01,2025,4,11417,1
stackoverflow,questions,2025-05,2025-05-01,2025,5,9668,1
stackoverflow,questions,2025-06,2025-06-01,2025,6,8265,1
stackoverflow,questions,2025-07,2025-07-01,2025,7,7733,1
stackoverflow,questions,2025-08,2025-08-01,2025,8,5822,1
stackoverflow,questions,2025-09,2025-09-01,2025,9,6043,1
stackoverflow,questions,2025-10,2025-10-01,2025,10,5346,1
stackoverflow,questions,2025-11,2025-11-01,2025,11,5419,1
stackoverflow,questions,2025-12,2025-12-01,2025,12,4227,1
stackoverflow,questions,2026-01,2026-01-01,2026,1,3739,1
stackoverflow,questions,2026-02,2026-02-01,2026,2,3185,1
stackoverflow,questions,2026-03,2026-03-01,2026,3,3248,1
stackoverflow,questions,2026-04,2026-04-01,2026,4,2650,1
stackoverflow,questions,2026-05,2026-05-01,2026,5,2339,1
superuser,answers,2021-01,2021-01-01,2021,1,3047,0
superuser,answers,2021-02,2021-02-01,2021,2,2626,0
superuser,answers,2021-03,2021-03-01,2021,3,2930,0
superuser,answers,2021-04,2021-04-01,2021,4,2715,0
superuser,answers,2021-05,2021-05-01,2021,5,2614,0
superuser,answers,2021-06,2021-06-01,2021,6,2248,0
superuser,answers,2021-07,2021-07-01,2021,7,2143,0
superuser,answers,2021-08,2021-08-01,2021,8,2102,0
superuser,answers,2021-09,2021-09-01,2021,9,2118,0
superuser,answers,2021-10,2021-10-01,2021,10,2119,0
superuser,answers,2021-11,2021-11-01,2021,11,2118,0
superuser,answers,2021-12,2021-12-01,2021,12,1922,0
superuser,answers,2022-01,2022-01-01,2022,1,2088,0
superuser,answers,2022-02,2022-02-01,2022,2,1840,0
superuser,answers,2022-03,2022-03-01,2022,3,2017,0
superuser,answers,2022-04,2022-04-01,2022,4,1831,0
superuser,answers,2022-05,2022-05-01,2022,5,1946,0
superuser,answers,2022-06,2022-06-01,2022,6,1987,0
superuser,answers,2022-07,2022-07-01,2022,7,1980,0
superuser,answers,2022-08,2022-08-01,2022,8,2145,0
superuser,answers,2022-09,2022-09-01,2022,9,1972,0
superuser,answers,2022-10,2022-10-01,2022,10,2034,0
superuser,answers,2022-11,2022-11-01,2022,11,1892,0
superuser,answers,2022-12,2022-12-01,2022,12,1793,0
superuser,answers,2023-01,2023-01-01,2023,1,2193,0
superuser,answers,2023-02,2023-02-01,2023,2,1972,0
superuser,answers,2023-03,2023-03-01,2023,3,2123,0
superuser,answers,2023-04,2023-04-01,2023,4,1912,0
superuser,answers,2023-05,2023-05-01,2023,5,2042,0
superuser,answers,2023-06,2023-06-01,2023,6,1921,0
superuser,answers,2023-07,2023-07-01,2023,7,1734,0
superuser,answers,2023-08,2023-08-01,2023,8,1670,0
superuser,answers,2023-09,2023-09-01,2023,9,1576,0
superuser,answers,2023-10,2023-10-01,2023,10,1597,0
superuser,answers,2023-11,2023-11-01,2023,11,1552,0
superuser,answers,2023-12,2023-12-01,2023,12,1517,0
superuser,answers,2024-01,2024-01-01,2024,1,1672,0
superuser,answers,2024-02,2024-02-01,2024,2,1452,0
superuser,answers,2024-03,2024-03-01,2024,3,1577,0
superuser,answers,2024-04,2024-04-01,2024,4,1355,0
superuser,answers,2024-05,2024-05-01,2024,5,1249,0
superuser,answers,2024-06,2024-06-01,2024,6,1155,0
superuser,answers,2024-07,2024-07-01,2024,7,1149,0
superuser,answers,2024-08,2024-08-01,2024,8,1195,0
superuser,answers,2024-09,2024-09-01,2024,9,1070,0
superuser,answers,2024-10,2024-10-01,2024,10,1102,0
superuser,answers,2024-11,2024-11-01,2024,11,1030,0
superuser,answers,2024-12,2024-12-01,2024,12,1015,0
superuser,answers,2025-01,2025-01-01,2025,1,1042,0
superuser,answers,2025-02,2025-02-01,2025,2,969,0
superuser,answers,2025-03,2025-03-01,2025,3,991,0
superuser,answers,2025-04,2025-04-01,2025,4,824,0
superuser,answers,2025-05,2025-05-01,2025,5,849,0
superuser,answers,2025-06,2025-06-01,2025,6,619,0
superuser,answers,2025-07,2025-07-01,2025,7,690,0
superuser,answers,2025-08,2025-08-01,2025,8,716,0
superuser,answers,2025-09,2025-09-01,2025,9,615,0
superuser,answers,2025-10,2025-10-01,2025,10,621,0
superuser,answers,2025-11,2025-11-01,2025,11,491,0
superuser,answers,2025-12,2025-12-01,2025,12,562,0
superuser,answers,2026-01,2026-01-01,2026,1,548,0
superuser,answers,2026-02,2026-02-01,2026,2,413,0
superuser,answers,2026-03,2026-03-01,2026,3,391,0
superuser,answers,2026-04,2026-04-01,2026,4,393,0
superuser,answers,2026-05,2026-05-01,2026,5,389,0
superuser,questions,2021-01,2021-01-01,2021,1,2431,0
superuser,questions,2021-02,2021-02-01,2021,2,2124,0
superuser,questions,2021-03,2021-03-01,2021,3,2196,0
superuser,questions,2021-04,2021-04-01,2021,4,2038,0
superuser,questions,2021-05,2021-05-01,2021,5,2053,0
superuser,questions,2021-06,2021-06-01,2021,6,1851,0
superuser,questions,2021-07,2021-07-01,2021,7,1799,0
superuser,questions,2021-08,2021-08-01,2021,8,1637,0
superuser,questions,2021-09,2021-09-01,2021,9,1688,0
superuser,questions,2021-10,2021-10-01,2021,10,1707,0
superuser,questions,2021-11,2021-11-01,2021,11,1643,0
superuser,questions,2021-12,2021-12-01,2021,12,1624,0
superuser,questions,2022-01,2022-01-01,2022,1,1709,0
superuser,questions,2022-02,2022-02-01,2022,2,1488,0
superuser,questions,2022-03,2022-03-01,2022,3,1704,0
superuser,questions,2022-04,2022-04-01,2022,4,1585,0
superuser,questions,2022-05,2022-05-01,2022,5,1649,0
superuser,questions,2022-06,2022-06-01,2022,6,1655,0
superuser,questions,2022-07,2022-07-01,2022,7,1637,0
superuser,questions,2022-08,2022-08-01,2022,8,1662,0
superuser,questions,2022-09,2022-09-01,2022,9,1624,0
superuser,questions,2022-10,2022-10-01,2022,10,1573,0
superuser,questions,2022-11,2022-11-01,2022,11,1525,0
superuser,questions,2022-12,2022-12-01,2022,12,1441,0
superuser,questions,2023-01,2023-01-01,2023,1,1740,0
superuser,questions,2023-02,2023-02-01,2023,2,1589,0
superuser,questions,2023-03,2023-03-01,2023,3,1628,0
superuser,questions,2023-04,2023-04-01,2023,4,1501,0
superuser,questions,2023-05,2023-05-01,2023,5,1474,0
superuser,questions,2023-06,2023-06-01,2023,6,1348,0
superuser,questions,2023-07,2023-07-01,2023,7,1367,0
superuser,questions,2023-08,2023-08-01,2023,8,1342,0
superuser,questions,2023-09,2023-09-01,2023,9,1167,0
superuser,questions,2023-10,2023-10-01,2023,10,1267,0
superuser,questions,2023-11,2023-11-01,2023,11,1208,0
superuser,questions,2023-12,2023-12-01,2023,12,1157,0
superuser,questions,2024-01,2024-01-01,2024,1,1281,0
superuser,questions,2024-02,2024-02-01,2024,2,1130,0
superuser,questions,2024-03,2024-03-01,2024,3,1236,0
superuser,questions,2024-04,2024-04-01,2024,4,1045,0
superuser,questions,2024-05,2024-05-01,2024,5,1000,0
superuser,questions,2024-06,2024-06-01,2024,6,855,0
superuser,questions,2024-07,2024-07-01,2024,7,900,0
superuser,questions,2024-08,2024-08-01,2024,8,910,0
superuser,questions,2024-09,2024-09-01,2024,9,801,0
superuser,questions,2024-10,2024-10-01,2024,10,851,0
superuser,questions,2024-11,2024-11-01,2024,11,813,0
superuser,questions,2024-12,2024-12-01,2024,12,753,0
superuser,questions,2025-01,2025-01-01,2025,1,790,0
superuser,questions,2025-02,2025-02-01,2025,2,683,0
superuser,questions,2025-03,2025-03-01,2025,3,675,0
superuser,questions,2025-04,2025-04-01,2025,4,553,0
superuser,questions,2025-05,2025-05-01,2025,5,559,0
superuser,questions,2025-06,2025-06-01,2025,6,442,0
superuser,questions,2025-07,2025-07-01,2025,7,483,0
superuser,questions,2025-08,2025-08-01,2025,8,479,0
superuser,questions,2025-09,2025-09-01,2025,9,429,0
superuser,questions,2025-10,2025-10-01,2025,10,430,0
superuser,questions,2025-11,2025-11-01,2025,11,374,0
superuser,questions,2025-12,2025-12-01,2025,12,321,0
superuser,questions,2026-01,2026-01-01,2026,1,328,0
superuser,questions,2026-02,2026-02-01,2026,2,250,0
superuser,questions,2026-03,2026-03-01,2026,3,268,0
superuser,questions,2026-04,2026-04-01,2026,4,217,0
superuser,questions,2026-05,2026-05-01,2026,5,195,0
