base,cotag,group,ym,date,year,month,count
python,csv,generation,2021-01,2021-01-01,2021,1,279
python,csv,generation,2021-02,2021-02-01,2021,2,313
python,csv,generation,2021-03,2021-03-01,2021,3,331
python,csv,generation,2021-04,2021-04-01,2021,4,311
python,csv,generation,2021-05,2021-05-01,2021,5,299
python,csv,generation,2021-06,2021-06-01,2021,6,277
python,csv,generation,2021-07,2021-07-01,2021,7,308
python,csv,generation,2021-08,2021-08-01,2021,8,263
python,csv,generation,2021-09,2021-09-01,2021,9,274
python,csv,generation,2021-10,2021-10-01,2021,10,264
python,csv,generation,2021-11,2021-11-01,2021,11,309
python,csv,generation,2021-12,2021-12-01,2021,12,274
python,csv,generation,2022-01,2022-01-01,2022,1,261
python,csv,generation,2022-02,2022-02-01,2022,2,278
python,csv,generation,2022-03,2022-03-01,2022,3,313
python,csv,generation,2022-04,2022-04-01,2022,4,279
python,csv,generation,2022-05,2022-05-01,2022,5,257
python,csv,generation,2022-06,2022-06-01,2022,6,260
python,csv,generation,2022-07,2022-07-01,2022,7,273
python,csv,generation,2022-08,2022-08-01,2022,8,254
python,csv,generation,2022-09,2022-09-01,2022,9,216
python,csv,generation,2022-10,2022-10-01,2022,10,286
python,csv,generation,2022-11,2022-11-01,2022,11,284
python,csv,generation,2022-12,2022-12-01,2022,12,230
python,csv,generation,2023-01,2023-01-01,2023,1,187
python,csv,generation,2023-02,2023-02-01,2023,2,154
python,csv,generation,2023-03,2023-03-01,2023,3,170
python,csv,generation,2023-04,2023-04-01,2023,4,110
python,csv,generation,2023-05,2023-05-01,2023,5,106
python,csv,generation,2023-06,2023-06-01,2023,6,83
python,csv,generation,2023-07,2023-07-01,2023,7,84
python,csv,generation,2023-08,2023-08-01,2023,8,86
python,csv,generation,2023-09,2023-09-01,2023,9,70
python,csv,generation,2023-10,2023-10-01,2023,10,59
python,csv,generation,2023-11,2023-11-01,2023,11,92
python,csv,generation,2023-12,2023-12-01,2023,12,58
python,csv,generation,2024-01,2024-01-01,2024,1,55
python,csv,generation,2024-02,2024-02-01,2024,2,50
python,csv,generation,2024-03,2024-03-01,2024,3,51
python,csv,generation,2024-04,2024-04-01,2024,4,42
python,csv,generation,2024-05,2024-05-01,2024,5,46
python,csv,generation,2024-06,2024-06-01,2024,6,28
python,csv,generation,2024-07,2024-07-01,2024,7,30
python,csv,generation,2024-08,2024-08-01,2024,8,15
python,csv,generation,2024-09,2024-09-01,2024,9,14
python,csv,generation,2024-10,2024-10-01,2024,10,16
python,csv,generation,2024-11,2024-11-01,2024,11,9
python,csv,generation,2024-12,2024-12-01,2024,12,13
python,csv,generation,2025-01,2025-01-01,2025,1,17
python,csv,generation,2025-02,2025-02-01,2025,2,12
python,csv,generation,2025-03,2025-03-01,2025,3,14
python,csv,generation,2025-04,2025-04-01,2025,4,8
python,csv,generation,2025-05,2025-05-01,2025,5,3
python,csv,generation,2025-06,2025-06-01,2025,6,3
python,csv,generation,2025-07,2025-07-01,2025,7,10
python,csv,generation,2025-08,2025-08-01,2025,8,3
python,csv,generation,2025-09,2025-09-01,2025,9,4
python,csv,generation,2025-10,2025-10-01,2025,10,3
python,csv,generation,2025-11,2025-11-01,2025,11,4
python,csv,generation,2025-12,2025-12-01,2025,12,3
python,csv,generation,2026-01,2026-01-01,2026,1,4
python,csv,generation,2026-02,2026-02-01,2026,2,0
python,csv,generation,2026-03,2026-03-01,2026,3,0
python,csv,generation,2026-04,2026-04-01,2026,4,2
python,csv,generation,2026-05,2026-05-01,2026,5,2
python,datetime,generation,2021-01,2021-01-01,2021,1,199
python,datetime,generation,2021-02,2021-02-01,2021,2,209
python,datetime,generation,2021-03,2021-03-01,2021,3,240
python,datetime,generation,2021-04,2021-04-01,2021,4,217
python,datetime,generation,2021-05,2021-05-01,2021,5,209
python,datetime,generation,2021-06,2021-06-01,2021,6,202
python,datetime,generation,2021-07,2021-07-01,2021,7,210
python,datetime,generation,2021-08,2021-08-01,2021,8,219
python,datetime,generation,2021-09,2021-09-01,2021,9,202
python,datetime,generation,2021-10,2021-10-01,2021,10,202
python,datetime,generation,2021-11,2021-11-01,2021,11,211
python,datetime,generation,2021-12,2021-12-01,2021,12,176
python,datetime,generation,2022-01,2022-01-01,2022,1,185
python,datetime,generation,2022-02,2022-02-01,2022,2,206
python,datetime,generation,2022-03,2022-03-01,2022,3,219
python,datetime,generation,2022-04,2022-04-01,2022,4,185
python,datetime,generation,2022-05,2022-05-01,2022,5,192
python,datetime,generation,2022-06,2022-06-01,2022,6,166
python,datetime,generation,2022-07,2022-07-01,2022,7,185
python,datetime,generation,2022-08,2022-08-01,2022,8,189
python,datetime,generation,2022-09,2022-09-01,2022,9,160
python,datetime,generation,2022-10,2022-10-01,2022,10,174
python,datetime,generation,2022-11,2022-11-01,2022,11,202
python,datetime,generation,2022-12,2022-12-01,2022,12,138
python,datetime,generation,2023-01,2023-01-01,2023,1,162
python,datetime,generation,2023-02,2023-02-01,2023,2,130
python,datetime,generation,2023-03,2023-03-01,2023,3,110
python,datetime,generation,2023-04,2023-04-01,2023,4,66
python,datetime,generation,2023-05,2023-05-01,2023,5,80
python,datetime,generation,2023-06,2023-06-01,2023,6,79
python,datetime,generation,2023-07,2023-07-01,2023,7,53
python,datetime,generation,2023-08,2023-08-01,2023,8,54
python,datetime,generation,2023-09,2023-09-01,2023,9,55
python,datetime,generation,2023-10,2023-10-01,2023,10,50
python,datetime,generation,2023-11,2023-11-01,2023,11,52
python,datetime,generation,2023-12,2023-12-01,2023,12,35
python,datetime,generation,2024-01,2024-01-01,2024,1,42
python,datetime,generation,2024-02,2024-02-01,2024,2,33
python,datetime,generation,2024-03,2024-03-01,2024,3,30
python,datetime,generation,2024-04,2024-04-01,2024,4,30
python,datetime,generation,2024-05,2024-05-01,2024,5,34
python,datetime,generation,2024-06,2024-06-01,2024,6,19
python,datetime,generation,2024-07,2024-07-01,2024,7,17
python,datetime,generation,2024-08,2024-08-01,2024,8,22
python,datetime,generation,2024-09,2024-09-01,2024,9,16
python,datetime,generation,2024-10,2024-10-01,2024,10,12
python,datetime,generation,2024-11,2024-11-01,2024,11,12
python,datetime,generation,2024-12,2024-12-01,2024,12,8
python,datetime,generation,2025-01,2025-01-01,2025,1,8
python,datetime,generation,2025-02,2025-02-01,2025,2,4
python,datetime,generation,2025-03,2025-03-01,2025,3,7
python,datetime,generation,2025-04,2025-04-01,2025,4,8
python,datetime,generation,2025-05,2025-05-01,2025,5,4
python,datetime,generation,2025-06,2025-06-01,2025,6,2
python,datetime,generation,2025-07,2025-07-01,2025,7,7
python,datetime,generation,2025-08,2025-08-01,2025,8,2
python,datetime,generation,2025-09,2025-09-01,2025,9,5
python,datetime,generation,2025-10,2025-10-01,2025,10,5
python,datetime,generation,2025-11,2025-11-01,2025,11,6
python,datetime,generation,2025-12,2025-12-01,2025,12,3
python,datetime,generation,2026-01,2026-01-01,2026,1,2
python,datetime,generation,2026-02,2026-02-01,2026,2,1
python,datetime,generation,2026-03,2026-03-01,2026,3,2
python,datetime,generation,2026-04,2026-04-01,2026,4,2
python,datetime,generation,2026-05,2026-05-01,2026,5,0
python,dictionary,generation,2021-01,2021-01-01,2021,1,494
python,dictionary,generation,2021-02,2021-02-01,2021,2,494
python,dictionary,generation,2021-03,2021-03-01,2021,3,497
python,dictionary,generation,2021-04,2021-04-01,2021,4,511
python,dictionary,generation,2021-05,2021-05-01,2021,5,513
python,dictionary,generation,2021-06,2021-06-01,2021,6,408
python,dictionary,generation,2021-07,2021-07-01,2021,7,427
python,dictionary,generation,2021-08,2021-08-01,2021,8,378
python,dictionary,generation,2021-09,2021-09-01,2021,9,447
python,dictionary,generation,2021-10,2021-10-01,2021,10,525
python,dictionary,generation,2021-11,2021-11-01,2021,11,475
python,dictionary,generation,2021-12,2021-12-01,2021,12,427
python,dictionary,generation,2022-01,2022-01-01,2022,1,440
python,dictionary,generation,2022-02,2022-02-01,2022,2,447
python,dictionary,generation,2022-03,2022-03-01,2022,3,541
python,dictionary,generation,2022-04,2022-04-01,2022,4,500
python,dictionary,generation,2022-05,2022-05-01,2022,5,409
python,dictionary,generation,2022-06,2022-06-01,2022,6,414
python,dictionary,generation,2022-07,2022-07-01,2022,7,396
python,dictionary,generation,2022-08,2022-08-01,2022,8,370
python,dictionary,generation,2022-09,2022-09-01,2022,9,411
python,dictionary,generation,2022-10,2022-10-01,2022,10,470
python,dictionary,generation,2022-11,2022-11-01,2022,11,507
python,dictionary,generation,2022-12,2022-12-01,2022,12,356
python,dictionary,generation,2023-01,2023-01-01,2023,1,305
python,dictionary,generation,2023-02,2023-02-01,2023,2,212
python,dictionary,generation,2023-03,2023-03-01,2023,3,210
python,dictionary,generation,2023-04,2023-04-01,2023,4,182
python,dictionary,generation,2023-05,2023-05-01,2023,5,122
python,dictionary,generation,2023-06,2023-06-01,2023,6,115
python,dictionary,generation,2023-07,2023-07-01,2023,7,119
python,dictionary,generation,2023-08,2023-08-01,2023,8,116
python,dictionary,generation,2023-09,2023-09-01,2023,9,90
python,dictionary,generation,2023-10,2023-10-01,2023,10,96
python,dictionary,generation,2023-11,2023-11-01,2023,11,79
python,dictionary,generation,2023-12,2023-12-01,2023,12,60
python,dictionary,generation,2024-01,2024-01-01,2024,1,54
python,dictionary,generation,2024-02,2024-02-01,2024,2,66
python,dictionary,generation,2024-03,2024-03-01,2024,3,45
python,dictionary,generation,2024-04,2024-04-01,2024,4,52
python,dictionary,generation,2024-05,2024-05-01,2024,5,37
python,dictionary,generation,2024-06,2024-06-01,2024,6,51
python,dictionary,generation,2024-07,2024-07-01,2024,7,37
python,dictionary,generation,2024-08,2024-08-01,2024,8,30
python,dictionary,generation,2024-09,2024-09-01,2024,9,23
python,dictionary,generation,2024-10,2024-10-01,2024,10,19
python,dictionary,generation,2024-11,2024-11-01,2024,11,21
python,dictionary,generation,2024-12,2024-12-01,2024,12,15
python,dictionary,generation,2025-01,2025-01-01,2025,1,8
python,dictionary,generation,2025-02,2025-02-01,2025,2,12
python,dictionary,generation,2025-03,2025-03-01,2025,3,7
python,dictionary,generation,2025-04,2025-04-01,2025,4,15
python,dictionary,generation,2025-05,2025-05-01,2025,5,8
python,dictionary,generation,2025-06,2025-06-01,2025,6,4
python,dictionary,generation,2025-07,2025-07-01,2025,7,3
python,dictionary,generation,2025-08,2025-08-01,2025,8,4
python,dictionary,generation,2025-09,2025-09-01,2025,9,2
python,dictionary,generation,2025-10,2025-10-01,2025,10,0
python,dictionary,generation,2025-11,2025-11-01,2025,11,5
python,dictionary,generation,2025-12,2025-12-01,2025,12,4
python,dictionary,generation,2026-01,2026-01-01,2026,1,1
python,dictionary,generation,2026-02,2026-02-01,2026,2,3
python,dictionary,generation,2026-03,2026-03-01,2026,3,4
python,dictionary,generation,2026-04,2026-04-01,2026,4,1
python,dictionary,generation,2026-05,2026-05-01,2026,5,0
python,json,generation,2021-01,2021-01-01,2021,1,398
python,json,generation,2021-02,2021-02-01,2021,2,370
python,json,generation,2021-03,2021-03-01,2021,3,390
python,json,generation,2021-04,2021-04-01,2021,4,401
python,json,generation,2021-05,2021-05-01,2021,5,410
python,json,generation,2021-06,2021-06-01,2021,6,376
python,json,generation,2021-07,2021-07-01,2021,7,356
python,json,generation,2021-08,2021-08-01,2021,8,363
python,json,generation,2021-09,2021-09-01,2021,9,342
python,json,generation,2021-10,2021-10-01,2021,10,365
python,json,generation,2021-11,2021-11-01,2021,11,333
python,json,generation,2021-12,2021-12-01,2021,12,343
python,json,generation,2022-01,2022-01-01,2022,1,369
python,json,generation,2022-02,2022-02-01,2022,2,375
python,json,generation,2022-03,2022-03-01,2022,3,372
python,json,generation,2022-04,2022-04-01,2022,4,353
python,json,generation,2022-05,2022-05-01,2022,5,331
python,json,generation,2022-06,2022-06-01,2022,6,316
python,json,generation,2022-07,2022-07-01,2022,7,360
python,json,generation,2022-08,2022-08-01,2022,8,338
python,json,generation,2022-09,2022-09-01,2022,9,311
python,json,generation,2022-10,2022-10-01,2022,10,319
python,json,generation,2022-11,2022-11-01,2022,11,332
python,json,generation,2022-12,2022-12-01,2022,12,287
python,json,generation,2023-01,2023-01-01,2023,1,243
python,json,generation,2023-02,2023-02-01,2023,2,217
python,json,generation,2023-03,2023-03-01,2023,3,193
python,json,generation,2023-04,2023-04-01,2023,4,136
python,json,generation,2023-05,2023-05-01,2023,5,103
python,json,generation,2023-06,2023-06-01,2023,6,135
python,json,generation,2023-07,2023-07-01,2023,7,123
python,json,generation,2023-08,2023-08-01,2023,8,99
python,json,generation,2023-09,2023-09-01,2023,9,82
python,json,generation,2023-10,2023-10-01,2023,10,83
python,json,generation,2023-11,2023-11-01,2023,11,74
python,json,generation,2023-12,2023-12-01,2023,12,72
python,json,generation,2024-01,2024-01-01,2024,1,62
python,json,generation,2024-02,2024-02-01,2024,2,81
python,json,generation,2024-03,2024-03-01,2024,3,63
python,json,generation,2024-04,2024-04-01,2024,4,64
python,json,generation,2024-05,2024-05-01,2024,5,53
python,json,generation,2024-06,2024-06-01,2024,6,44
python,json,generation,2024-07,2024-07-01,2024,7,52
python,json,generation,2024-08,2024-08-01,2024,8,41
python,json,generation,2024-09,2024-09-01,2024,9,39
python,json,generation,2024-10,2024-10-01,2024,10,18
python,json,generation,2024-11,2024-11-01,2024,11,36
python,json,generation,2024-12,2024-12-01,2024,12,20
python,json,generation,2025-01,2025-01-01,2025,1,22
python,json,generation,2025-02,2025-02-01,2025,2,14
python,json,generation,2025-03,2025-03-01,2025,3,17
python,json,generation,2025-04,2025-04-01,2025,4,6
python,json,generation,2025-05,2025-05-01,2025,5,8
python,json,generation,2025-06,2025-06-01,2025,6,7
python,json,generation,2025-07,2025-07-01,2025,7,6
python,json,generation,2025-08,2025-08-01,2025,8,9
python,json,generation,2025-09,2025-09-01,2025,9,4
python,json,generation,2025-10,2025-10-01,2025,10,6
python,json,generation,2025-11,2025-11-01,2025,11,7
python,json,generation,2025-12,2025-12-01,2025,12,5
python,json,generation,2026-01,2026-01-01,2026,1,5
python,json,generation,2026-02,2026-02-01,2026,2,1
python,json,generation,2026-03,2026-03-01,2026,3,6
python,json,generation,2026-04,2026-04-01,2026,4,7
python,json,generation,2026-05,2026-05-01,2026,5,2
python,list,generation,2021-01,2021-01-01,2021,1,826
python,list,generation,2021-02,2021-02-01,2021,2,748
python,list,generation,2021-03,2021-03-01,2021,3,847
python,list,generation,2021-04,2021-04-01,2021,4,832
python,list,generation,2021-05,2021-05-01,2021,5,755
python,list,generation,2021-06,2021-06-01,2021,6,743
python,list,generation,2021-07,2021-07-01,2021,7,646
python,list,generation,2021-08,2021-08-01,2021,8,624
python,list,generation,2021-09,2021-09-01,2021,9,621
python,list,generation,2021-10,2021-10-01,2021,10,825
python,list,generation,2021-11,2021-11-01,2021,11,827
python,list,generation,2021-12,2021-12-01,2021,12,710
python,list,generation,2022-01,2022-01-01,2022,1,674
python,list,generation,2022-02,2022-02-01,2022,2,659
python,list,generation,2022-03,2022-03-01,2022,3,749
python,list,generation,2022-04,2022-04-01,2022,4,736
python,list,generation,2022-05,2022-05-01,2022,5,675
python,list,generation,2022-06,2022-06-01,2022,6,648
python,list,generation,2022-07,2022-07-01,2022,7,641
python,list,generation,2022-08,2022-08-01,2022,8,604
python,list,generation,2022-09,2022-09-01,2022,9,680
python,list,generation,2022-10,2022-10-01,2022,10,815
python,list,generation,2022-11,2022-11-01,2022,11,814
python,list,generation,2022-12,2022-12-01,2022,12,582
python,list,generation,2023-01,2023-01-01,2023,1,515
python,list,generation,2023-02,2023-02-01,2023,2,350
python,list,generation,2023-03,2023-03-01,2023,3,343
python,list,generation,2023-04,2023-04-01,2023,4,221
python,list,generation,2023-05,2023-05-01,2023,5,184
python,list,generation,2023-06,2023-06-01,2023,6,207
python,list,generation,2023-07,2023-07-01,2023,7,160
python,list,generation,2023-08,2023-08-01,2023,8,162
python,list,generation,2023-09,2023-09-01,2023,9,134
python,list,generation,2023-10,2023-10-01,2023,10,127
python,list,generation,2023-11,2023-11-01,2023,11,125
python,list,generation,2023-12,2023-12-01,2023,12,74
python,list,generation,2024-01,2024-01-01,2024,1,87
python,list,generation,2024-02,2024-02-01,2024,2,76
python,list,generation,2024-03,2024-03-01,2024,3,98
python,list,generation,2024-04,2024-04-01,2024,4,94
python,list,generation,2024-05,2024-05-01,2024,5,50
python,list,generation,2024-06,2024-06-01,2024,6,44
python,list,generation,2024-07,2024-07-01,2024,7,49
python,list,generation,2024-08,2024-08-01,2024,8,38
python,list,generation,2024-09,2024-09-01,2024,9,40
python,list,generation,2024-10,2024-10-01,2024,10,32
python,list,generation,2024-11,2024-11-01,2024,11,24
python,list,generation,2024-12,2024-12-01,2024,12,15
python,list,generation,2025-01,2025-01-01,2025,1,11
python,list,generation,2025-02,2025-02-01,2025,2,19
python,list,generation,2025-03,2025-03-01,2025,3,19
python,list,generation,2025-04,2025-04-01,2025,4,10
python,list,generation,2025-05,2025-05-01,2025,5,14
python,list,generation,2025-06,2025-06-01,2025,6,12
python,list,generation,2025-07,2025-07-01,2025,7,3
python,list,generation,2025-08,2025-08-01,2025,8,3
python,list,generation,2025-09,2025-09-01,2025,9,3
python,list,generation,2025-10,2025-10-01,2025,10,6
python,list,generation,2025-11,2025-11-01,2025,11,6
python,list,generation,2025-12,2025-12-01,2025,12,3
python,list,generation,2026-01,2026-01-01,2026,1,3
python,list,generation,2026-02,2026-02-01,2026,2,2
python,list,generation,2026-03,2026-03-01,2026,3,4
python,list,generation,2026-04,2026-04-01,2026,4,3
python,list,generation,2026-05,2026-05-01,2026,5,3
python,regex,generation,2021-01,2021-01-01,2021,1,232
python,regex,generation,2021-02,2021-02-01,2021,2,252
python,regex,generation,2021-03,2021-03-01,2021,3,309
python,regex,generation,2021-04,2021-04-01,2021,4,279
python,regex,generation,2021-05,2021-05-01,2021,5,242
python,regex,generation,2021-06,2021-06-01,2021,6,234
python,regex,generation,2021-07,2021-07-01,2021,7,216
python,regex,generation,2021-08,2021-08-01,2021,8,213
python,regex,generation,2021-09,2021-09-01,2021,9,197
python,regex,generation,2021-10,2021-10-01,2021,10,185
python,regex,generation,2021-11,2021-11-01,2021,11,184
python,regex,generation,2021-12,2021-12-01,2021,12,166
python,regex,generation,2022-01,2022-01-01,2022,1,150
python,regex,generation,2022-02,2022-02-01,2022,2,177
python,regex,generation,2022-03,2022-03-01,2022,3,192
python,regex,generation,2022-04,2022-04-01,2022,4,159
python,regex,generation,2022-05,2022-05-01,2022,5,151
python,regex,generation,2022-06,2022-06-01,2022,6,138
python,regex,generation,2022-07,2022-07-01,2022,7,237
python,regex,generation,2022-08,2022-08-01,2022,8,188
python,regex,generation,2022-09,2022-09-01,2022,9,219
python,regex,generation,2022-10,2022-10-01,2022,10,253
python,regex,generation,2022-11,2022-11-01,2022,11,190
python,regex,generation,2022-12,2022-12-01,2022,12,179
python,regex,generation,2023-01,2023-01-01,2023,1,138
python,regex,generation,2023-02,2023-02-01,2023,2,138
python,regex,generation,2023-03,2023-03-01,2023,3,133
python,regex,generation,2023-04,2023-04-01,2023,4,80
python,regex,generation,2023-05,2023-05-01,2023,5,87
python,regex,generation,2023-06,2023-06-01,2023,6,82
python,regex,generation,2023-07,2023-07-01,2023,7,83
python,regex,generation,2023-08,2023-08-01,2023,8,78
python,regex,generation,2023-09,2023-09-01,2023,9,77
python,regex,generation,2023-10,2023-10-01,2023,10,45
python,regex,generation,2023-11,2023-11-01,2023,11,48
python,regex,generation,2023-12,2023-12-01,2023,12,24
python,regex,generation,2024-01,2024-01-01,2024,1,54
python,regex,generation,2024-02,2024-02-01,2024,2,29
python,regex,generation,2024-03,2024-03-01,2024,3,44
python,regex,generation,2024-04,2024-04-01,2024,4,33
python,regex,generation,2024-05,2024-05-01,2024,5,35
python,regex,generation,2024-06,2024-06-01,2024,6,24
python,regex,generation,2024-07,2024-07-01,2024,7,29
python,regex,generation,2024-08,2024-08-01,2024,8,36
python,regex,generation,2024-09,2024-09-01,2024,9,26
python,regex,generation,2024-10,2024-10-01,2024,10,25
python,regex,generation,2024-11,2024-11-01,2024,11,20
python,regex,generation,2024-12,2024-12-01,2024,12,11
python,regex,generation,2025-01,2025-01-01,2025,1,12
python,regex,generation,2025-02,2025-02-01,2025,2,16
python,regex,generation,2025-03,2025-03-01,2025,3,9
python,regex,generation,2025-04,2025-04-01,2025,4,4
python,regex,generation,2025-05,2025-05-01,2025,5,4
python,regex,generation,2025-06,2025-06-01,2025,6,6
python,regex,generation,2025-07,2025-07-01,2025,7,8
python,regex,generation,2025-08,2025-08-01,2025,8,3
python,regex,generation,2025-09,2025-09-01,2025,9,1
python,regex,generation,2025-10,2025-10-01,2025,10,2
python,regex,generation,2025-11,2025-11-01,2025,11,2
python,regex,generation,2025-12,2025-12-01,2025,12,1
python,regex,generation,2026-01,2026-01-01,2026,1,3
python,regex,generation,2026-02,2026-02-01,2026,2,0
python,regex,generation,2026-03,2026-03-01,2026,3,0
python,regex,generation,2026-04,2026-04-01,2026,4,2
python,regex,generation,2026-05,2026-05-01,2026,5,2
python,sorting,generation,2021-01,2021-01-01,2021,1,109
python,sorting,generation,2021-02,2021-02-01,2021,2,99
python,sorting,generation,2021-03,2021-03-01,2021,3,102
python,sorting,generation,2021-04,2021-04-01,2021,4,104
python,sorting,generation,2021-05,2021-05-01,2021,5,94
python,sorting,generation,2021-06,2021-06-01,2021,6,77
python,sorting,generation,2021-07,2021-07-01,2021,7,108
python,sorting,generation,2021-08,2021-08-01,2021,8,94
python,sorting,generation,2021-09,2021-09-01,2021,9,99
python,sorting,generation,2021-10,2021-10-01,2021,10,106
python,sorting,generation,2021-11,2021-11-01,2021,11,97
python,sorting,generation,2021-12,2021-12-01,2021,12,96
python,sorting,generation,2022-01,2022-01-01,2022,1,77
python,sorting,generation,2022-02,2022-02-01,2022,2,77
python,sorting,generation,2022-03,2022-03-01,2022,3,96
python,sorting,generation,2022-04,2022-04-01,2022,4,72
python,sorting,generation,2022-05,2022-05-01,2022,5,109
python,sorting,generation,2022-06,2022-06-01,2022,6,79
python,sorting,generation,2022-07,2022-07-01,2022,7,104
python,sorting,generation,2022-08,2022-08-01,2022,8,87
python,sorting,generation,2022-09,2022-09-01,2022,9,79
python,sorting,generation,2022-10,2022-10-01,2022,10,93
python,sorting,generation,2022-11,2022-11-01,2022,11,119
python,sorting,generation,2022-12,2022-12-01,2022,12,74
python,sorting,generation,2023-01,2023-01-01,2023,1,57
python,sorting,generation,2023-02,2023-02-01,2023,2,64
python,sorting,generation,2023-03,2023-03-01,2023,3,63
python,sorting,generation,2023-04,2023-04-01,2023,4,38
python,sorting,generation,2023-05,2023-05-01,2023,5,27
python,sorting,generation,2023-06,2023-06-01,2023,6,36
python,sorting,generation,2023-07,2023-07-01,2023,7,32
python,sorting,generation,2023-08,2023-08-01,2023,8,32
python,sorting,generation,2023-09,2023-09-01,2023,9,17
python,sorting,generation,2023-10,2023-10-01,2023,10,24
python,sorting,generation,2023-11,2023-11-01,2023,11,22
python,sorting,generation,2023-12,2023-12-01,2023,12,20
python,sorting,generation,2024-01,2024-01-01,2024,1,22
python,sorting,generation,2024-02,2024-02-01,2024,2,15
python,sorting,generation,2024-03,2024-03-01,2024,3,13
python,sorting,generation,2024-04,2024-04-01,2024,4,22
python,sorting,generation,2024-05,2024-05-01,2024,5,17
python,sorting,generation,2024-06,2024-06-01,2024,6,20
python,sorting,generation,2024-07,2024-07-01,2024,7,13
python,sorting,generation,2024-08,2024-08-01,2024,8,6
python,sorting,generation,2024-09,2024-09-01,2024,9,8
python,sorting,generation,2024-10,2024-10-01,2024,10,10
python,sorting,generation,2024-11,2024-11-01,2024,11,6
python,sorting,generation,2024-12,2024-12-01,2024,12,2
python,sorting,generation,2025-01,2025-01-01,2025,1,5
python,sorting,generation,2025-02,2025-02-01,2025,2,3
python,sorting,generation,2025-03,2025-03-01,2025,3,7
python,sorting,generation,2025-04,2025-04-01,2025,4,6
python,sorting,generation,2025-05,2025-05-01,2025,5,1
python,sorting,generation,2025-06,2025-06-01,2025,6,5
python,sorting,generation,2025-07,2025-07-01,2025,7,0
python,sorting,generation,2025-08,2025-08-01,2025,8,3
python,sorting,generation,2025-09,2025-09-01,2025,9,2
python,sorting,generation,2025-10,2025-10-01,2025,10,1
python,sorting,generation,2025-11,2025-11-01,2025,11,2
python,sorting,generation,2025-12,2025-12-01,2025,12,1
python,sorting,generation,2026-01,2026-01-01,2026,1,0
python,sorting,generation,2026-02,2026-02-01,2026,2,0
python,sorting,generation,2026-03,2026-03-01,2026,3,2
python,sorting,generation,2026-04,2026-04-01,2026,4,0
python,sorting,generation,2026-05,2026-05-01,2026,5,1
python,string,generation,2021-01,2021-01-01,2021,1,317
python,string,generation,2021-02,2021-02-01,2021,2,262
python,string,generation,2021-03,2021-03-01,2021,3,344
python,string,generation,2021-04,2021-04-01,2021,4,280
python,string,generation,2021-05,2021-05-01,2021,5,280
python,string,generation,2021-06,2021-06-01,2021,6,256
python,string,generation,2021-07,2021-07-01,2021,7,277
python,string,generation,2021-08,2021-08-01,2021,8,238
python,string,generation,2021-09,2021-09-01,2021,9,256
python,string,generation,2021-10,2021-10-01,2021,10,326
python,string,generation,2021-11,2021-11-01,2021,11,312
python,string,generation,2021-12,2021-12-01,2021,12,231
python,string,generation,2022-01,2022-01-01,2022,1,255
python,string,generation,2022-02,2022-02-01,2022,2,272
python,string,generation,2022-03,2022-03-01,2022,3,285
python,string,generation,2022-04,2022-04-01,2022,4,265
python,string,generation,2022-05,2022-05-01,2022,5,237
python,string,generation,2022-06,2022-06-01,2022,6,251
python,string,generation,2022-07,2022-07-01,2022,7,264
python,string,generation,2022-08,2022-08-01,2022,8,255
python,string,generation,2022-09,2022-09-01,2022,9,260
python,string,generation,2022-10,2022-10-01,2022,10,298
python,string,generation,2022-11,2022-11-01,2022,11,310
python,string,generation,2022-12,2022-12-01,2022,12,250
python,string,generation,2023-01,2023-01-01,2023,1,204
python,string,generation,2023-02,2023-02-01,2023,2,134
python,string,generation,2023-03,2023-03-01,2023,3,142
python,string,generation,2023-04,2023-04-01,2023,4,94
python,string,generation,2023-05,2023-05-01,2023,5,74
python,string,generation,2023-06,2023-06-01,2023,6,86
python,string,generation,2023-07,2023-07-01,2023,7,73
python,string,generation,2023-08,2023-08-01,2023,8,55
python,string,generation,2023-09,2023-09-01,2023,9,44
python,string,generation,2023-10,2023-10-01,2023,10,50
python,string,generation,2023-11,2023-11-01,2023,11,59
python,string,generation,2023-12,2023-12-01,2023,12,39
python,string,generation,2024-01,2024-01-01,2024,1,40
python,string,generation,2024-02,2024-02-01,2024,2,38
python,string,generation,2024-03,2024-03-01,2024,3,28
python,string,generation,2024-04,2024-04-01,2024,4,36
python,string,generation,2024-05,2024-05-01,2024,5,15
python,string,generation,2024-06,2024-06-01,2024,6,27
python,string,generation,2024-07,2024-07-01,2024,7,27
python,string,generation,2024-08,2024-08-01,2024,8,16
python,string,generation,2024-09,2024-09-01,2024,9,20
python,string,generation,2024-10,2024-10-01,2024,10,20
python,string,generation,2024-11,2024-11-01,2024,11,18
python,string,generation,2024-12,2024-12-01,2024,12,7
python,string,generation,2025-01,2025-01-01,2025,1,6
python,string,generation,2025-02,2025-02-01,2025,2,5
python,string,generation,2025-03,2025-03-01,2025,3,13
python,string,generation,2025-04,2025-04-01,2025,4,6
python,string,generation,2025-05,2025-05-01,2025,5,7
python,string,generation,2025-06,2025-06-01,2025,6,4
python,string,generation,2025-07,2025-07-01,2025,7,4
python,string,generation,2025-08,2025-08-01,2025,8,5
python,string,generation,2025-09,2025-09-01,2025,9,3
python,string,generation,2025-10,2025-10-01,2025,10,1
python,string,generation,2025-11,2025-11-01,2025,11,3
python,string,generation,2025-12,2025-12-01,2025,12,2
python,string,generation,2026-01,2026-01-01,2026,1,3
python,string,generation,2026-02,2026-02-01,2026,2,2
python,string,generation,2026-03,2026-03-01,2026,3,2
python,string,generation,2026-04,2026-04-01,2026,4,1
python,string,generation,2026-05,2026-05-01,2026,5,1
python,concurrency,verification,2021-01,2021-01-01,2021,1,4
python,concurrency,verification,2021-02,2021-02-01,2021,2,13
python,concurrency,verification,2021-03,2021-03-01,2021,3,9
python,concurrency,verification,2021-04,2021-04-01,2021,4,17
python,concurrency,verification,2021-05,2021-05-01,2021,5,12
python,concurrency,verification,2021-06,2021-06-01,2021,6,7
python,concurrency,verification,2021-07,2021-07-01,2021,7,7
python,concurrency,verification,2021-08,2021-08-01,2021,8,14
python,concurrency,verification,2021-09,2021-09-01,2021,9,11
python,concurrency,verification,2021-10,2021-10-01,2021,10,5
python,concurrency,verification,2021-11,2021-11-01,2021,11,10
python,concurrency,verification,2021-12,2021-12-01,2021,12,14
python,concurrency,verification,2022-01,2022-01-01,2022,1,8
python,concurrency,verification,2022-02,2022-02-01,2022,2,11
python,concurrency,verification,2022-03,2022-03-01,2022,3,7
python,concurrency,verification,2022-04,2022-04-01,2022,4,10
python,concurrency,verification,2022-05,2022-05-01,2022,5,9
python,concurrency,verification,2022-06,2022-06-01,2022,6,11
python,concurrency,verification,2022-07,2022-07-01,2022,7,11
python,concurrency,verification,2022-08,2022-08-01,2022,8,14
python,concurrency,verification,2022-09,2022-09-01,2022,9,14
python,concurrency,verification,2022-10,2022-10-01,2022,10,10
python,concurrency,verification,2022-11,2022-11-01,2022,11,12
python,concurrency,verification,2022-12,2022-12-01,2022,12,10
python,concurrency,verification,2023-01,2023-01-01,2023,1,10
python,concurrency,verification,2023-02,2023-02-01,2023,2,12
python,concurrency,verification,2023-03,2023-03-01,2023,3,15
python,concurrency,verification,2023-04,2023-04-01,2023,4,5
python,concurrency,verification,2023-05,2023-05-01,2023,5,3
python,concurrency,verification,2023-06,2023-06-01,2023,6,6
python,concurrency,verification,2023-07,2023-07-01,2023,7,9
python,concurrency,verification,2023-08,2023-08-01,2023,8,9
python,concurrency,verification,2023-09,2023-09-01,2023,9,8
python,concurrency,verification,2023-10,2023-10-01,2023,10,8
python,concurrency,verification,2023-11,2023-11-01,2023,11,7
python,concurrency,verification,2023-12,2023-12-01,2023,12,5
python,concurrency,verification,2024-01,2024-01-01,2024,1,4
python,concurrency,verification,2024-02,2024-02-01,2024,2,7
python,concurrency,verification,2024-03,2024-03-01,2024,3,4
python,concurrency,verification,2024-04,2024-04-01,2024,4,8
python,concurrency,verification,2024-05,2024-05-01,2024,5,7
python,concurrency,verification,2024-06,2024-06-01,2024,6,4
python,concurrency,verification,2024-07,2024-07-01,2024,7,2
python,concurrency,verification,2024-08,2024-08-01,2024,8,7
python,concurrency,verification,2024-09,2024-09-01,2024,9,2
python,concurrency,verification,2024-10,2024-10-01,2024,10,3
python,concurrency,verification,2024-11,2024-11-01,2024,11,4
python,concurrency,verification,2024-12,2024-12-01,2024,12,6
python,concurrency,verification,2025-01,2025-01-01,2025,1,1
python,concurrency,verification,2025-02,2025-02-01,2025,2,3
python,concurrency,verification,2025-03,2025-03-01,2025,3,4
python,concurrency,verification,2025-04,2025-04-01,2025,4,1
python,concurrency,verification,2025-05,2025-05-01,2025,5,1
python,concurrency,verification,2025-06,2025-06-01,2025,6,0
python,concurrency,verification,2025-07,2025-07-01,2025,7,2
python,concurrency,verification,2025-08,2025-08-01,2025,8,1
python,concurrency,verification,2025-09,2025-09-01,2025,9,2
python,concurrency,verification,2025-10,2025-10-01,2025,10,2
python,concurrency,verification,2025-11,2025-11-01,2025,11,3
python,concurrency,verification,2025-12,2025-12-01,2025,12,1
python,concurrency,verification,2026-01,2026-01-01,2026,1,0
python,concurrency,verification,2026-02,2026-02-01,2026,2,0
python,concurrency,verification,2026-03,2026-03-01,2026,3,1
python,concurrency,verification,2026-04,2026-04-01,2026,4,0
python,concurrency,verification,2026-05,2026-05-01,2026,5,1
python,debugging,verification,2021-01,2021-01-01,2021,1,37
python,debugging,verification,2021-02,2021-02-01,2021,2,36
python,debugging,verification,2021-03,2021-03-01,2021,3,32
python,debugging,verification,2021-04,2021-04-01,2021,4,21
python,debugging,verification,2021-05,2021-05-01,2021,5,22
python,debugging,verification,2021-06,2021-06-01,2021,6,17
python,debugging,verification,2021-07,2021-07-01,2021,7,24
python,debugging,verification,2021-08,2021-08-01,2021,8,19
python,debugging,verification,2021-09,2021-09-01,2021,9,22
python,debugging,verification,2021-10,2021-10-01,2021,10,17
python,debugging,verification,2021-11,2021-11-01,2021,11,24
python,debugging,verification,2021-12,2021-12-01,2021,12,24
python,debugging,verification,2022-01,2022-01-01,2022,1,25
python,debugging,verification,2022-02,2022-02-01,2022,2,24
python,debugging,verification,2022-03,2022-03-01,2022,3,25
python,debugging,verification,2022-04,2022-04-01,2022,4,18
python,debugging,verification,2022-05,2022-05-01,2022,5,36
python,debugging,verification,2022-06,2022-06-01,2022,6,20
python,debugging,verification,2022-07,2022-07-01,2022,7,24
python,debugging,verification,2022-08,2022-08-01,2022,8,24
python,debugging,verification,2022-09,2022-09-01,2022,9,24
python,debugging,verification,2022-10,2022-10-01,2022,10,20
python,debugging,verification,2022-11,2022-11-01,2022,11,29
python,debugging,verification,2022-12,2022-12-01,2022,12,22
python,debugging,verification,2023-01,2023-01-01,2023,1,20
python,debugging,verification,2023-02,2023-02-01,2023,2,29
python,debugging,verification,2023-03,2023-03-01,2023,3,18
python,debugging,verification,2023-04,2023-04-01,2023,4,14
python,debugging,verification,2023-05,2023-05-01,2023,5,17
python,debugging,verification,2023-06,2023-06-01,2023,6,25
python,debugging,verification,2023-07,2023-07-01,2023,7,12
python,debugging,verification,2023-08,2023-08-01,2023,8,18
python,debugging,verification,2023-09,2023-09-01,2023,9,21
python,debugging,verification,2023-10,2023-10-01,2023,10,11
python,debugging,verification,2023-11,2023-11-01,2023,11,21
python,debugging,verification,2023-12,2023-12-01,2023,12,14
python,debugging,verification,2024-01,2024-01-01,2024,1,14
python,debugging,verification,2024-02,2024-02-01,2024,2,21
python,debugging,verification,2024-03,2024-03-01,2024,3,13
python,debugging,verification,2024-04,2024-04-01,2024,4,17
python,debugging,verification,2024-05,2024-05-01,2024,5,7
python,debugging,verification,2024-06,2024-06-01,2024,6,10
python,debugging,verification,2024-07,2024-07-01,2024,7,13
python,debugging,verification,2024-08,2024-08-01,2024,8,7
python,debugging,verification,2024-09,2024-09-01,2024,9,13
python,debugging,verification,2024-10,2024-10-01,2024,10,5
python,debugging,verification,2024-11,2024-11-01,2024,11,13
python,debugging,verification,2024-12,2024-12-01,2024,12,6
python,debugging,verification,2025-01,2025-01-01,2025,1,7
python,debugging,verification,2025-02,2025-02-01,2025,2,7
python,debugging,verification,2025-03,2025-03-01,2025,3,12
python,debugging,verification,2025-04,2025-04-01,2025,4,6
python,debugging,verification,2025-05,2025-05-01,2025,5,2
python,debugging,verification,2025-06,2025-06-01,2025,6,4
python,debugging,verification,2025-07,2025-07-01,2025,7,6
python,debugging,verification,2025-08,2025-08-01,2025,8,2
python,debugging,verification,2025-09,2025-09-01,2025,9,3
python,debugging,verification,2025-10,2025-10-01,2025,10,2
python,debugging,verification,2025-11,2025-11-01,2025,11,2
python,debugging,verification,2025-12,2025-12-01,2025,12,6
python,debugging,verification,2026-01,2026-01-01,2026,1,1
python,debugging,verification,2026-02,2026-02-01,2026,2,1
python,debugging,verification,2026-03,2026-03-01,2026,3,4
python,debugging,verification,2026-04,2026-04-01,2026,4,0
python,debugging,verification,2026-05,2026-05-01,2026,5,1
python,memory,verification,2021-01,2021-01-01,2021,1,24
python,memory,verification,2021-02,2021-02-01,2021,2,21
python,memory,verification,2021-03,2021-03-01,2021,3,14
python,memory,verification,2021-04,2021-04-01,2021,4,20
python,memory,verification,2021-05,2021-05-01,2021,5,20
python,memory,verification,2021-06,2021-06-01,2021,6,24
python,memory,verification,2021-07,2021-07-01,2021,7,22
python,memory,verification,2021-08,2021-08-01,2021,8,26
python,memory,verification,2021-09,2021-09-01,2021,9,11
python,memory,verification,2021-10,2021-10-01,2021,10,18
python,memory,verification,2021-11,2021-11-01,2021,11,12
python,memory,verification,2021-12,2021-12-01,2021,12,24
python,memory,verification,2022-01,2022-01-01,2022,1,22
python,memory,verification,2022-02,2022-02-01,2022,2,24
python,memory,verification,2022-03,2022-03-01,2022,3,19
python,memory,verification,2022-04,2022-04-01,2022,4,29
python,memory,verification,2022-05,2022-05-01,2022,5,18
python,memory,verification,2022-06,2022-06-01,2022,6,20
python,memory,verification,2022-07,2022-07-01,2022,7,23
python,memory,verification,2022-08,2022-08-01,2022,8,22
python,memory,verification,2022-09,2022-09-01,2022,9,18
python,memory,verification,2022-10,2022-10-01,2022,10,13
python,memory,verification,2022-11,2022-11-01,2022,11,21
python,memory,verification,2022-12,2022-12-01,2022,12,22
python,memory,verification,2023-01,2023-01-01,2023,1,16
python,memory,verification,2023-02,2023-02-01,2023,2,20
python,memory,verification,2023-03,2023-03-01,2023,3,16
python,memory,verification,2023-04,2023-04-01,2023,4,11
python,memory,verification,2023-05,2023-05-01,2023,5,8
python,memory,verification,2023-06,2023-06-01,2023,6,6
python,memory,verification,2023-07,2023-07-01,2023,7,8
python,memory,verification,2023-08,2023-08-01,2023,8,13
python,memory,verification,2023-09,2023-09-01,2023,9,13
python,memory,verification,2023-10,2023-10-01,2023,10,11
python,memory,verification,2023-11,2023-11-01,2023,11,9
python,memory,verification,2023-12,2023-12-01,2023,12,4
python,memory,verification,2024-01,2024-01-01,2024,1,9
python,memory,verification,2024-02,2024-02-01,2024,2,12
python,memory,verification,2024-03,2024-03-01,2024,3,12
python,memory,verification,2024-04,2024-04-01,2024,4,10
python,memory,verification,2024-05,2024-05-01,2024,5,12
python,memory,verification,2024-06,2024-06-01,2024,6,11
python,memory,verification,2024-07,2024-07-01,2024,7,9
python,memory,verification,2024-08,2024-08-01,2024,8,5
python,memory,verification,2024-09,2024-09-01,2024,9,5
python,memory,verification,2024-10,2024-10-01,2024,10,4
python,memory,verification,2024-11,2024-11-01,2024,11,6
python,memory,verification,2024-12,2024-12-01,2024,12,6
python,memory,verification,2025-01,2025-01-01,2025,1,5
python,memory,verification,2025-02,2025-02-01,2025,2,1
python,memory,verification,2025-03,2025-03-01,2025,3,3
python,memory,verification,2025-04,2025-04-01,2025,4,2
python,memory,verification,2025-05,2025-05-01,2025,5,1
python,memory,verification,2025-06,2025-06-01,2025,6,4
python,memory,verification,2025-07,2025-07-01,2025,7,3
python,memory,verification,2025-08,2025-08-01,2025,8,1
python,memory,verification,2025-09,2025-09-01,2025,9,1
python,memory,verification,2025-10,2025-10-01,2025,10,1
python,memory,verification,2025-11,2025-11-01,2025,11,1
python,memory,verification,2025-12,2025-12-01,2025,12,0
python,memory,verification,2026-01,2026-01-01,2026,1,0
python,memory,verification,2026-02,2026-02-01,2026,2,1
python,memory,verification,2026-03,2026-03-01,2026,3,0
python,memory,verification,2026-04,2026-04-01,2026,4,0
python,memory,verification,2026-05,2026-05-01,2026,5,0
python,multiprocessing,verification,2021-01,2021-01-01,2021,1,112
python,multiprocessing,verification,2021-02,2021-02-01,2021,2,101
python,multiprocessing,verification,2021-03,2021-03-01,2021,3,130
python,multiprocessing,verification,2021-04,2021-04-01,2021,4,112
python,multiprocessing,verification,2021-05,2021-05-01,2021,5,113
python,multiprocessing,verification,2021-06,2021-06-01,2021,6,96
python,multiprocessing,verification,2021-07,2021-07-01,2021,7,84
python,multiprocessing,verification,2021-08,2021-08-01,2021,8,121
python,multiprocessing,verification,2021-09,2021-09-01,2021,9,117
python,multiprocessing,verification,2021-10,2021-10-01,2021,10,90
python,multiprocessing,verification,2021-11,2021-11-01,2021,11,114
python,multiprocessing,verification,2021-12,2021-12-01,2021,12,87
python,multiprocessing,verification,2022-01,2022-01-01,2022,1,85
python,multiprocessing,verification,2022-02,2022-02-01,2022,2,91
python,multiprocessing,verification,2022-03,2022-03-01,2022,3,98
python,multiprocessing,verification,2022-04,2022-04-01,2022,4,78
python,multiprocessing,verification,2022-05,2022-05-01,2022,5,112
python,multiprocessing,verification,2022-06,2022-06-01,2022,6,80
python,multiprocessing,verification,2022-07,2022-07-01,2022,7,104
python,multiprocessing,verification,2022-08,2022-08-01,2022,8,106
python,multiprocessing,verification,2022-09,2022-09-01,2022,9,94
python,multiprocessing,verification,2022-10,2022-10-01,2022,10,98
python,multiprocessing,verification,2022-11,2022-11-01,2022,11,100
python,multiprocessing,verification,2022-12,2022-12-01,2022,12,91
python,multiprocessing,verification,2023-01,2023-01-01,2023,1,87
python,multiprocessing,verification,2023-02,2023-02-01,2023,2,62
python,multiprocessing,verification,2023-03,2023-03-01,2023,3,93
python,multiprocessing,verification,2023-04,2023-04-01,2023,4,53
python,multiprocessing,verification,2023-05,2023-05-01,2023,5,70
python,multiprocessing,verification,2023-06,2023-06-01,2023,6,45
python,multiprocessing,verification,2023-07,2023-07-01,2023,7,51
python,multiprocessing,verification,2023-08,2023-08-01,2023,8,41
python,multiprocessing,verification,2023-09,2023-09-01,2023,9,58
python,multiprocessing,verification,2023-10,2023-10-01,2023,10,52
python,multiprocessing,verification,2023-11,2023-11-01,2023,11,29
python,multiprocessing,verification,2023-12,2023-12-01,2023,12,28
python,multiprocessing,verification,2024-01,2024-01-01,2024,1,40
python,multiprocessing,verification,2024-02,2024-02-01,2024,2,31
python,multiprocessing,verification,2024-03,2024-03-01,2024,3,29
python,multiprocessing,verification,2024-04,2024-04-01,2024,4,37
python,multiprocessing,verification,2024-05,2024-05-01,2024,5,37
python,multiprocessing,verification,2024-06,2024-06-01,2024,6,22
python,multiprocessing,verification,2024-07,2024-07-01,2024,7,29
python,multiprocessing,verification,2024-08,2024-08-01,2024,8,16
python,multiprocessing,verification,2024-09,2024-09-01,2024,9,22
python,multiprocessing,verification,2024-10,2024-10-01,2024,10,17
python,multiprocessing,verification,2024-11,2024-11-01,2024,11,12
python,multiprocessing,verification,2024-12,2024-12-01,2024,12,20
python,multiprocessing,verification,2025-01,2025-01-01,2025,1,13
python,multiprocessing,verification,2025-02,2025-02-01,2025,2,15
python,multiprocessing,verification,2025-03,2025-03-01,2025,3,14
python,multiprocessing,verification,2025-04,2025-04-01,2025,4,7
python,multiprocessing,verification,2025-05,2025-05-01,2025,5,9
python,multiprocessing,verification,2025-06,2025-06-01,2025,6,7
python,multiprocessing,verification,2025-07,2025-07-01,2025,7,3
python,multiprocessing,verification,2025-08,2025-08-01,2025,8,4
python,multiprocessing,verification,2025-09,2025-09-01,2025,9,4
python,multiprocessing,verification,2025-10,2025-10-01,2025,10,7
python,multiprocessing,verification,2025-11,2025-11-01,2025,11,5
python,multiprocessing,verification,2025-12,2025-12-01,2025,12,3
python,multiprocessing,verification,2026-01,2026-01-01,2026,1,1
python,multiprocessing,verification,2026-02,2026-02-01,2026,2,1
python,multiprocessing,verification,2026-03,2026-03-01,2026,3,3
python,multiprocessing,verification,2026-04,2026-04-01,2026,4,0
python,multiprocessing,verification,2026-05,2026-05-01,2026,5,1
python,multithreading,verification,2021-01,2021-01-01,2021,1,113
python,multithreading,verification,2021-02,2021-02-01,2021,2,109
python,multithreading,verification,2021-03,2021-03-01,2021,3,133
python,multithreading,verification,2021-04,2021-04-01,2021,4,144
python,multithreading,verification,2021-05,2021-05-01,2021,5,136
python,multithreading,verification,2021-06,2021-06-01,2021,6,122
python,multithreading,verification,2021-07,2021-07-01,2021,7,108
python,multithreading,verification,2021-08,2021-08-01,2021,8,123
python,multithreading,verification,2021-09,2021-09-01,2021,9,117
python,multithreading,verification,2021-10,2021-10-01,2021,10,115
python,multithreading,verification,2021-11,2021-11-01,2021,11,110
python,multithreading,verification,2021-12,2021-12-01,2021,12,111
python,multithreading,verification,2022-01,2022-01-01,2022,1,129
python,multithreading,verification,2022-02,2022-02-01,2022,2,120
python,multithreading,verification,2022-03,2022-03-01,2022,3,112
python,multithreading,verification,2022-04,2022-04-01,2022,4,95
python,multithreading,verification,2022-05,2022-05-01,2022,5,131
python,multithreading,verification,2022-06,2022-06-01,2022,6,109
python,multithreading,verification,2022-07,2022-07-01,2022,7,106
python,multithreading,verification,2022-08,2022-08-01,2022,8,116
python,multithreading,verification,2022-09,2022-09-01,2022,9,90
python,multithreading,verification,2022-10,2022-10-01,2022,10,100
python,multithreading,verification,2022-11,2022-11-01,2022,11,115
python,multithreading,verification,2022-12,2022-12-01,2022,12,91
python,multithreading,verification,2023-01,2023-01-01,2023,1,85
python,multithreading,verification,2023-02,2023-02-01,2023,2,89
python,multithreading,verification,2023-03,2023-03-01,2023,3,69
python,multithreading,verification,2023-04,2023-04-01,2023,4,63
python,multithreading,verification,2023-05,2023-05-01,2023,5,58
python,multithreading,verification,2023-06,2023-06-01,2023,6,55
python,multithreading,verification,2023-07,2023-07-01,2023,7,63
python,multithreading,verification,2023-08,2023-08-01,2023,8,60
python,multithreading,verification,2023-09,2023-09-01,2023,9,51
python,multithreading,verification,2023-10,2023-10-01,2023,10,51
python,multithreading,verification,2023-11,2023-11-01,2023,11,55
python,multithreading,verification,2023-12,2023-12-01,2023,12,58
python,multithreading,verification,2024-01,2024-01-01,2024,1,48
python,multithreading,verification,2024-02,2024-02-01,2024,2,42
python,multithreading,verification,2024-03,2024-03-01,2024,3,41
python,multithreading,verification,2024-04,2024-04-01,2024,4,45
python,multithreading,verification,2024-05,2024-05-01,2024,5,43
python,multithreading,verification,2024-06,2024-06-01,2024,6,30
python,multithreading,verification,2024-07,2024-07-01,2024,7,20
python,multithreading,verification,2024-08,2024-08-01,2024,8,29
python,multithreading,verification,2024-09,2024-09-01,2024,9,25
python,multithreading,verification,2024-10,2024-10-01,2024,10,18
python,multithreading,verification,2024-11,2024-11-01,2024,11,15
python,multithreading,verification,2024-12,2024-12-01,2024,12,14
python,multithreading,verification,2025-01,2025-01-01,2025,1,19
python,multithreading,verification,2025-02,2025-02-01,2025,2,7
python,multithreading,verification,2025-03,2025-03-01,2025,3,12
python,multithreading,verification,2025-04,2025-04-01,2025,4,11
python,multithreading,verification,2025-05,2025-05-01,2025,5,10
python,multithreading,verification,2025-06,2025-06-01,2025,6,6
python,multithreading,verification,2025-07,2025-07-01,2025,7,7
python,multithreading,verification,2025-08,2025-08-01,2025,8,0
python,multithreading,verification,2025-09,2025-09-01,2025,9,2
python,multithreading,verification,2025-10,2025-10-01,2025,10,6
python,multithreading,verification,2025-11,2025-11-01,2025,11,5
python,multithreading,verification,2025-12,2025-12-01,2025,12,5
python,multithreading,verification,2026-01,2026-01-01,2026,1,2
python,multithreading,verification,2026-02,2026-02-01,2026,2,2
python,multithreading,verification,2026-03,2026-03-01,2026,3,3
python,multithreading,verification,2026-04,2026-04-01,2026,4,1
python,multithreading,verification,2026-05,2026-05-01,2026,5,1
python,optimization,verification,2021-01,2021-01-01,2021,1,80
python,optimization,verification,2021-02,2021-02-01,2021,2,56
python,optimization,verification,2021-03,2021-03-01,2021,3,82
python,optimization,verification,2021-04,2021-04-01,2021,4,93
python,optimization,verification,2021-05,2021-05-01,2021,5,87
python,optimization,verification,2021-06,2021-06-01,2021,6,82
python,optimization,verification,2021-07,2021-07-01,2021,7,66
python,optimization,verification,2021-08,2021-08-01,2021,8,72
python,optimization,verification,2021-09,2021-09-01,2021,9,63
python,optimization,verification,2021-10,2021-10-01,2021,10,64
python,optimization,verification,2021-11,2021-11-01,2021,11,71
python,optimization,verification,2021-12,2021-12-01,2021,12,72
python,optimization,verification,2022-01,2022-01-01,2022,1,59
python,optimization,verification,2022-02,2022-02-01,2022,2,59
python,optimization,verification,2022-03,2022-03-01,2022,3,82
python,optimization,verification,2022-04,2022-04-01,2022,4,74
python,optimization,verification,2022-05,2022-05-01,2022,5,79
python,optimization,verification,2022-06,2022-06-01,2022,6,66
python,optimization,verification,2022-07,2022-07-01,2022,7,82
python,optimization,verification,2022-08,2022-08-01,2022,8,59
python,optimization,verification,2022-09,2022-09-01,2022,9,51
python,optimization,verification,2022-10,2022-10-01,2022,10,74
python,optimization,verification,2022-11,2022-11-01,2022,11,86
python,optimization,verification,2022-12,2022-12-01,2022,12,69
python,optimization,verification,2023-01,2023-01-01,2023,1,53
python,optimization,verification,2023-02,2023-02-01,2023,2,58
python,optimization,verification,2023-03,2023-03-01,2023,3,67
python,optimization,verification,2023-04,2023-04-01,2023,4,55
python,optimization,verification,2023-05,2023-05-01,2023,5,50
python,optimization,verification,2023-06,2023-06-01,2023,6,48
python,optimization,verification,2023-07,2023-07-01,2023,7,52
python,optimization,verification,2023-08,2023-08-01,2023,8,46
python,optimization,verification,2023-09,2023-09-01,2023,9,39
python,optimization,verification,2023-10,2023-10-01,2023,10,47
python,optimization,verification,2023-11,2023-11-01,2023,11,41
python,optimization,verification,2023-12,2023-12-01,2023,12,24
python,optimization,verification,2024-01,2024-01-01,2024,1,40
python,optimization,verification,2024-02,2024-02-01,2024,2,37
python,optimization,verification,2024-03,2024-03-01,2024,3,38
python,optimization,verification,2024-04,2024-04-01,2024,4,41
python,optimization,verification,2024-05,2024-05-01,2024,5,40
python,optimization,verification,2024-06,2024-06-01,2024,6,30
python,optimization,verification,2024-07,2024-07-01,2024,7,25
python,optimization,verification,2024-08,2024-08-01,2024,8,28
python,optimization,verification,2024-09,2024-09-01,2024,9,14
python,optimization,verification,2024-10,2024-10-01,2024,10,13
python,optimization,verification,2024-11,2024-11-01,2024,11,15
python,optimization,verification,2024-12,2024-12-01,2024,12,21
python,optimization,verification,2025-01,2025-01-01,2025,1,13
python,optimization,verification,2025-02,2025-02-01,2025,2,7
python,optimization,verification,2025-03,2025-03-01,2025,3,14
python,optimization,verification,2025-04,2025-04-01,2025,4,10
python,optimization,verification,2025-05,2025-05-01,2025,5,3
python,optimization,verification,2025-06,2025-06-01,2025,6,3
python,optimization,verification,2025-07,2025-07-01,2025,7,7
python,optimization,verification,2025-08,2025-08-01,2025,8,2
python,optimization,verification,2025-09,2025-09-01,2025,9,4
python,optimization,verification,2025-10,2025-10-01,2025,10,1
python,optimization,verification,2025-11,2025-11-01,2025,11,2
python,optimization,verification,2025-12,2025-12-01,2025,12,2
python,optimization,verification,2026-01,2026-01-01,2026,1,3
python,optimization,verification,2026-02,2026-02-01,2026,2,2
python,optimization,verification,2026-03,2026-03-01,2026,3,1
python,optimization,verification,2026-04,2026-04-01,2026,4,2
python,optimization,verification,2026-05,2026-05-01,2026,5,2
python,performance,verification,2021-01,2021-01-01,2021,1,86
python,performance,verification,2021-02,2021-02-01,2021,2,69
python,performance,verification,2021-03,2021-03-01,2021,3,86
python,performance,verification,2021-04,2021-04-01,2021,4,81
python,performance,verification,2021-05,2021-05-01,2021,5,77
python,performance,verification,2021-06,2021-06-01,2021,6,80
python,performance,verification,2021-07,2021-07-01,2021,7,83
python,performance,verification,2021-08,2021-08-01,2021,8,54
python,performance,verification,2021-09,2021-09-01,2021,9,79
python,performance,verification,2021-10,2021-10-01,2021,10,67
python,performance,verification,2021-11,2021-11-01,2021,11,80
python,performance,verification,2021-12,2021-12-01,2021,12,66
python,performance,verification,2022-01,2022-01-01,2022,1,68
python,performance,verification,2022-02,2022-02-01,2022,2,89
python,performance,verification,2022-03,2022-03-01,2022,3,79
python,performance,verification,2022-04,2022-04-01,2022,4,67
python,performance,verification,2022-05,2022-05-01,2022,5,57
python,performance,verification,2022-06,2022-06-01,2022,6,65
python,performance,verification,2022-07,2022-07-01,2022,7,84
python,performance,verification,2022-08,2022-08-01,2022,8,67
python,performance,verification,2022-09,2022-09-01,2022,9,54
python,performance,verification,2022-10,2022-10-01,2022,10,66
python,performance,verification,2022-11,2022-11-01,2022,11,74
python,performance,verification,2022-12,2022-12-01,2022,12,58
python,performance,verification,2023-01,2023-01-01,2023,1,56
python,performance,verification,2023-02,2023-02-01,2023,2,63
python,performance,verification,2023-03,2023-03-01,2023,3,56
python,performance,verification,2023-04,2023-04-01,2023,4,40
python,performance,verification,2023-05,2023-05-01,2023,5,37
python,performance,verification,2023-06,2023-06-01,2023,6,33
python,performance,verification,2023-07,2023-07-01,2023,7,56
python,performance,verification,2023-08,2023-08-01,2023,8,37
python,performance,verification,2023-09,2023-09-01,2023,9,36
python,performance,verification,2023-10,2023-10-01,2023,10,32
python,performance,verification,2023-11,2023-11-01,2023,11,30
python,performance,verification,2023-12,2023-12-01,2023,12,23
python,performance,verification,2024-01,2024-01-01,2024,1,30
python,performance,verification,2024-02,2024-02-01,2024,2,30
python,performance,verification,2024-03,2024-03-01,2024,3,25
python,performance,verification,2024-04,2024-04-01,2024,4,28
python,performance,verification,2024-05,2024-05-01,2024,5,29
python,performance,verification,2024-06,2024-06-01,2024,6,18
python,performance,verification,2024-07,2024-07-01,2024,7,27
python,performance,verification,2024-08,2024-08-01,2024,8,19
python,performance,verification,2024-09,2024-09-01,2024,9,27
python,performance,verification,2024-10,2024-10-01,2024,10,12
python,performance,verification,2024-11,2024-11-01,2024,11,9
python,performance,verification,2024-12,2024-12-01,2024,12,16
python,performance,verification,2025-01,2025-01-01,2025,1,16
python,performance,verification,2025-02,2025-02-01,2025,2,10
python,performance,verification,2025-03,2025-03-01,2025,3,6
python,performance,verification,2025-04,2025-04-01,2025,4,9
python,performance,verification,2025-05,2025-05-01,2025,5,7
python,performance,verification,2025-06,2025-06-01,2025,6,5
python,performance,verification,2025-07,2025-07-01,2025,7,3
python,performance,verification,2025-08,2025-08-01,2025,8,1
python,performance,verification,2025-09,2025-09-01,2025,9,0
python,performance,verification,2025-10,2025-10-01,2025,10,2
python,performance,verification,2025-11,2025-11-01,2025,11,5
python,performance,verification,2025-12,2025-12-01,2025,12,4
python,performance,verification,2026-01,2026-01-01,2026,1,1
python,performance,verification,2026-02,2026-02-01,2026,2,2
python,performance,verification,2026-03,2026-03-01,2026,3,1
python,performance,verification,2026-04,2026-04-01,2026,4,0
python,performance,verification,2026-05,2026-05-01,2026,5,3
