tag,ym,total
python,2021-06,20707
python,2021-07,20408
python,2021-08,19649
python,2021-09,18851
python,2021-10,19638
python,2021-11,19864
python,2021-12,18861
python,2022-01,19511
python,2022-02,19088
python,2022-03,20536
python,2022-04,19625
python,2022-05,19202
python,2022-06,18553
python,2022-07,18837
python,2022-08,18481
python,2022-09,16913
python,2022-10,18314
python,2022-11,18634
python,2022-12,15655
python,2023-01,14786
python,2023-02,12893
python,2023-03,12661
python,2023-04,9931
python,2023-05,9428
python,2023-06,8969
python,2023-07,8925
python,2023-08,8155
python,2023-09,6882
python,2023-10,7017
python,2023-11,6652
python,2023-12,5516
python,2024-01,6129
python,2024-02,6107
python,2024-03,5828
python,2024-04,5720
python,2024-05,5396
python,2024-06,4158
python,2024-07,4074
python,2024-08,3600
python,2024-09,2931
python,2024-10,2719
python,2024-11,2500
python,2024-12,2163
python,2025-01,2165
python,2025-02,1804
python,2025-03,1847
python,2025-04,1464
python,2025-05,1204
python,2025-06,931
python,2025-07,874
python,2025-08,654
python,2025-09,660
python,2025-10,640
python,2025-11,632
python,2025-12,492
python,2026-01,452
python,2026-02,354
python,2026-03,391
python,2026-04,287
python,2026-05,249
javascript,2021-06,14868
javascript,2021-07,14637
javascript,2021-08,14485
javascript,2021-09,14307
javascript,2021-10,13702
javascript,2021-11,13317
javascript,2021-12,12957
javascript,2022-01,13823
javascript,2022-02,12671
javascript,2022-03,13450
javascript,2022-04,13318
javascript,2022-05,13150
javascript,2022-06,12463
javascript,2022-07,12590
javascript,2022-08,12928
javascript,2022-09,11747
javascript,2022-10,11479
javascript,2022-11,11560
javascript,2022-12,10109
javascript,2023-01,9869
javascript,2023-02,8374
javascript,2023-03,8362
javascript,2023-04,6470
javascript,2023-05,6044
javascript,2023-06,5808
javascript,2023-07,5840
javascript,2023-08,5162
javascript,2023-09,4435
javascript,2023-10,4101
javascript,2023-11,3948
javascript,2023-12,3632
javascript,2024-01,3951
javascript,2024-02,3581
javascript,2024-03,3641
javascript,2024-04,3192
javascript,2024-05,3058
javascript,2024-06,2236
javascript,2024-07,2164
javascript,2024-08,1938
javascript,2024-09,1680
javascript,2024-10,1458
javascript,2024-11,1286
javascript,2024-12,1120
javascript,2025-01,1144
javascript,2025-02,906
javascript,2025-03,889
javascript,2025-04,627
javascript,2025-05,517
javascript,2025-06,402
javascript,2025-07,367
javascript,2025-08,257
javascript,2025-09,276
javascript,2025-10,261
javascript,2025-11,271
javascript,2025-12,180
javascript,2026-01,199
javascript,2026-02,122
javascript,2026-03,149
javascript,2026-04,155
javascript,2026-05,138
java,2021-06,7526
java,2021-07,6892
java,2021-08,6685
java,2021-09,6560
java,2021-10,6505
java,2021-11,6845
java,2021-12,6130
java,2022-01,6370
java,2022-02,5852
java,2022-03,6500
java,2022-04,6288
java,2022-05,6399
java,2022-06,5628
java,2022-07,5340
java,2022-08,5234
java,2022-09,4975
java,2022-10,5219
java,2022-11,5334
java,2022-12,4727
java,2023-01,4617
java,2023-02,4044
java,2023-03,4395
java,2023-04,3531
java,2023-05,3257
java,2023-06,3269
java,2023-07,3102
java,2023-08,3005
java,2023-09,2645
java,2023-10,2625
java,2023-11,2544
java,2023-12,2000
java,2024-01,2223
java,2024-02,2175
java,2024-03,2231
java,2024-04,2018
java,2024-05,1772
java,2024-06,1390
java,2024-07,1229
java,2024-08,999
java,2024-09,1051
java,2024-10,1229
java,2024-11,1002
java,2024-12,940
java,2025-01,924
java,2025-02,755
java,2025-03,719
java,2025-04,646
java,2025-05,500
java,2025-06,356
java,2025-07,345
java,2025-08,235
java,2025-09,291
java,2025-10,264
java,2025-11,297
java,2025-12,240
java,2026-01,196
java,2026-02,154
java,2026-03,166
java,2026-04,139
java,2026-05,154
