ym,n,GEN,VER,gen_share,s0,s1,s2,s3,s4
2021-06,100,54,46,0.54,0,11,35,38,16
2021-07,100,56,44,0.56,0,18,26,32,24
2021-08,100,51,49,0.51,0,28,21,26,25
2021-09,100,45,55,0.45,1,21,33,41,4
2021-10,100,49,51,0.49,0,30,21,31,18
2021-11,100,46,54,0.46,2,30,22,30,16
2021-12,100,55,45,0.55,1,24,20,42,13
2022-01,100,55,45,0.55,0,25,20,26,29
2022-02,100,59,41,0.59,0,15,26,40,19
2022-03,100,43,57,0.43,0,36,21,27,16
2022-04,100,48,52,0.48,0,30,22,27,21
2022-05,100,45,55,0.45,0,23,32,35,10
2022-06,100,45,55,0.45,0,23,32,29,16
2022-07,100,52,48,0.52,3,30,15,28,24
2022-08,100,51,49,0.51,0,28,21,32,19
2022-09,100,46,54,0.46,0,34,20,32,14
2022-10,100,55,45,0.55,1,23,21,41,14
2022-11,100,47,53,0.47,0,27,26,37,10
2022-12,100,40,60,0.4,1,25,34,30,10
2023-01,100,54,46,0.54,1,22,23,36,18
2023-02,100,56,44,0.56,1,26,17,36,20
2023-03,100,43,57,0.43,0,37,20,26,17
2023-04,100,42,58,0.42,0,33,25,28,14
2023-05,100,44,56,0.44,0,32,24,30,14
2023-06,100,36,64,0.36,0,32,32,30,6
2023-07,100,51,49,0.51,0,21,28,36,15
2023-08,100,42,58,0.42,1,27,30,32,10
2023-09,100,39,61,0.39,0,26,35,29,10
2023-10,100,40,60,0.4,0,26,34,19,21
2023-11,100,53,47,0.53,1,20,26,34,19
2023-12,100,44,56,0.44,0,26,30,35,9
2024-01,100,42,58,0.42,1,35,22,31,11
2024-02,100,51,49,0.51,0,26,23,33,18
2024-03,100,43,57,0.43,0,34,23,23,20
2024-04,100,36,64,0.36,0,35,29,29,7
2024-05,100,36,64,0.36,3,26,35,29,7
2024-06,100,47,53,0.47,0,28,25,36,11
2024-07,100,35,65,0.35,5,40,20,23,12
2024-08,100,34,66,0.34,0,34,32,18,16
2024-09,100,41,59,0.41,1,40,18,31,10
2024-10,100,43,57,0.43,2,34,21,36,7
2024-11,100,40,60,0.4,0,30,30,25,15
2024-12,100,44,56,0.44,0,40,16,30,14
2025-01,100,42,58,0.42,5,36,17,30,12
2025-02,100,43,57,0.43,0,27,30,30,13
2025-03,100,39,61,0.39,1,31,29,32,7
2025-04,100,53,47,0.53,1,23,23,39,14
2025-05,100,33,67,0.33,0,44,23,25,8
2025-06,100,44,56,0.44,0,32,24,33,11
2025-07,100,53,47,0.53,0,31,16,29,24
2025-08,100,37,63,0.37,0,46,17,29,8
2025-09,100,33,67,0.33,1,34,32,20,13
2025-10,100,40,60,0.4,5,41,14,33,7
2025-11,100,45,55,0.45,0,27,28,27,18
2025-12,100,48,52,0.48,0,24,28,36,12
2026-01,100,49,51,0.49,1,30,20,30,19
2026-02,100,48,52,0.48,0,27,25,27,21
2026-03,100,61,39,0.61,0,17,22,32,29
2026-04,100,60,40,0.6,0,14,26,28,32
2026-05,100,50,50,0.5,5,33,12,28,22
